Timestamp,Stimulus,Action,Correct,Reaction_Time_ms
2025-07-12 11:21:49,Go,Shoot,Yes,1417
2025-07-12 11:21:50,Go,Shoot,Yes,1171
2025-07-12 11:21:53,Go,Shoot,Yes,2057
2025-07-12 11:21:54,Go,Shoot,Yes,2003
2025-07-12 11:21:55,Go,Shoot,Yes,1648
2025-07-12 11:21:55,No-Go,No Shot,Yes,
2025-07-12 11:21:55,Go,Shoot,Yes,1538
2025-07-12 11:21:58,Go,Shoot,Yes,1741
2025-07-12 11:21:58,No-Go,No Shot,Yes,
2025-07-12 11:21:59,Go,Shoot,Yes,1560
2025-07-12 11:21:59,Go,No Shot,No,
2025-07-12 11:21:59,Go,Shoot,Yes,1315
2025-07-12 11:22:01,Go,Shoot,Yes,1360
2025-07-12 11:22:02,Go,Shoot,Yes,1366
2025-07-12 11:22:02,Go,No Shot,No,
2025-07-12 11:22:02,Go,Shoot,Yes,1435
2025-07-12 11:22:03,Go,Shoot,Yes,1530
2025-07-12 11:22:04,Go,Shoot,Yes,1533
2025-07-12 11:22:05,Go,Shoot,Yes,1254
2025-07-12 11:22:06,No-Go,No Shot,Yes,
2025-07-12 11:22:07,Go,Shoot,Yes,1341
2025-07-12 11:22:07,No-Go,No Shot,Yes,
2025-07-12 11:22:07,Go,Shoot,Yes,1460
2025-07-12 11:22:07,No-Go,No Shot,Yes,
2025-07-12 11:22:08,Go,Shoot,Yes,1420
2025-07-12 11:22:08,Go,Shoot,Yes,981
2025-07-12 11:22:09,Go,Shoot,Yes,1114
2025-07-12 11:22:09,No-Go,No Shot,Yes,
2025-07-12 11:22:10,Go,Shoot,Yes,966
2025-07-12 11:22:11,No-Go,No Shot,Yes,
2025-07-12 11:22:11,No-Go,No Shot,Yes,
2025-07-12 11:22:12,Go,Shoot,Yes,905
2025-07-12 11:22:12,No-Go,No Shot,Yes,
2025-07-12 11:22:12,Go,Shoot,Yes,1045
2025-07-12 11:22:12,No-Go,No Shot,Yes,
2025-07-12 11:22:13,No-Go,No Shot,Yes,
2025-07-12 11:22:14,No-Go,No Shot,Yes,
2025-07-12 11:22:14,Go,No Shot,No,
2025-07-12 11:22:14,Go,No Shot,No,
2025-07-12 11:22:15,No-Go,No Shot,Yes,
2025-07-12 11:22:15,No-Go,No Shot,Yes,
2025-07-12 11:22:15,Go,No Shot,No,
2025-07-12 11:22:16,Go,No Shot,No,
2025-07-12 11:22:16,Go,No Shot,No,
2025-07-12 11:22:16,Go,No Shot,No,
2025-07-12 11:22:16,Go,No Shot,No,
2025-07-12 11:22:17,Go,No Shot,No,
2025-07-12 11:22:17,Go,No Shot,No,
2025-07-12 11:22:17,Go,No Shot,No,
2025-07-12 11:22:17,Go,No Shot,No,
2025-07-12 11:22:18,Go,No Shot,No,
2025-07-12 11:22:18,Go,Shoot,Yes,1485
2025-07-12 11:22:18,Go,No Shot,No,
2025-07-12 11:22:18,Go,Shoot,Yes,1396
2025-07-12 11:22:18,No-Go,No Shot,Yes,
2025-07-12 11:22:19,Go,Shoot,Yes,1514
2025-07-12 11:22:19,Go,Shoot,Yes,1498
2025-07-12 11:22:19,No-Go,No Shot,Yes,
2025-07-12 11:22:20,Go,No Shot,No,
2025-07-12 11:22:20,No-Go,No Shot,Yes,
2025-07-12 11:22:20,No-Go,No Shot,Yes,
2025-07-12 11:22:20,No-Go,No Shot,Yes,
2025-07-12 11:22:20,Go,No Shot,No,
2025-07-12 11:22:21,No-Go,No Shot,Yes,
2025-07-12 11:22:21,Go,No Shot,No,
2025-07-12 11:22:21,Go,No Shot,No,
2025-07-12 11:22:21,No-Go,No Shot,Yes,
2025-07-12 11:22:22,Go,No Shot,No,
2025-07-12 11:22:22,Go,No Shot,No,
2025-07-12 11:22:22,No-Go,No Shot,Yes,
2025-07-12 11:22:22,Go,No Shot,No,
2025-07-12 11:22:22,Go,No Shot,No,
2025-07-12 11:22:23,Go,No Shot,No,
2025-07-12 11:22:23,Go,No Shot,No,
2025-07-12 11:22:23,Go,No Shot,No,
2025-07-12 11:22:23,Go,No Shot,No,
2025-07-12 11:22:23,Go,No Shot,No,
2025-07-12 11:22:24,Go,No Shot,No,
2025-07-12 11:22:24,Go,No Shot,No,
2025-07-12 11:22:24,Go,No Shot,No,
2025-07-12 11:22:24,Go,No Shot,No,
2025-07-12 11:22:24,Go,No Shot,No,
2025-07-12 11:22:25,No-Go,No Shot,Yes,
2025-07-12 11:22:25,No-Go,No Shot,Yes,
2025-07-12 11:22:25,Go,No Shot,No,
2025-07-12 11:22:25,Go,No Shot,No,
2025-07-12 11:22:25,Go,No Shot,No,
2025-07-12 11:22:26,Go,Shoot,Yes,1464
2025-07-12 11:22:26,Go,No Shot,No,
2025-07-12 11:22:26,No-Go,No Shot,Yes,
2025-07-12 11:22:26,Go,No Shot,No,
2025-07-12 11:22:27,No-Go,No Shot,Yes,
2025-07-12 11:22:27,No-Go,No Shot,Yes,
2025-07-12 11:22:27,Go,No Shot,No,
2025-07-12 11:22:27,No-Go,No Shot,Yes,
2025-07-12 11:22:27,Go,No Shot,No,
2025-07-12 11:22:28,Go,No Shot,No,
2025-07-12 11:22:28,Go,Shoot,Yes,1384
2025-07-12 11:22:28,No-Go,No Shot,Yes,
2025-07-12 11:22:28,No-Go,No Shot,Yes,
2025-07-12 11:22:28,Go,Shoot,Yes,1669
2025-07-12 11:22:29,No-Go,No Shot,Yes,
2025-07-12 11:22:29,Go,Shoot,Yes,1563
2025-07-12 11:22:29,Go,No Shot,No,
2025-07-12 11:22:29,Go,No Shot,No,
2025-07-12 11:22:29,Go,Shoot,Yes,1445
2025-07-12 11:22:29,Go,No Shot,No,
2025-07-12 11:22:30,Go,Shoot,Yes,1446
2025-07-12 11:22:30,Go,No Shot,No,
2025-07-12 11:22:30,Go,Shoot,Yes,1344
2025-07-12 11:22:30,Go,No Shot,No,
2025-07-12 11:22:30,No-Go,No Shot,Yes,
2025-07-12 11:22:31,Go,No Shot,No,
2025-07-12 11:22:31,No-Go,No Shot,Yes,
2025-07-12 11:22:31,Go,No Shot,No,
2025-07-12 11:22:32,Go,No Shot,No,
2025-07-12 11:22:32,Go,No Shot,No,
2025-07-12 11:22:32,Go,No Shot,No,
2025-07-12 11:22:32,Go,No Shot,No,
2025-07-12 11:22:32,Go,No Shot,No,
2025-07-12 11:22:32,Go,Shoot,Yes,1243
2025-07-12 11:22:33,Go,No Shot,No,
2025-07-12 11:22:33,Go,No Shot,No,
2025-07-12 11:22:33,Go,No Shot,No,
2025-07-12 11:22:33,Go,No Shot,No,
2025-07-12 11:22:34,Go,No Shot,No,
2025-07-12 11:22:34,Go,No Shot,No,
2025-07-12 11:22:34,Go,No Shot,No,
2025-07-12 11:22:34,No-Go,No Shot,Yes,
2025-07-12 11:22:34,Go,No Shot,No,
2025-07-12 11:22:35,Go,No Shot,No,
2025-07-12 11:22:35,Go,No Shot,No,
2025-07-12 11:22:35,Go,No Shot,No,
2025-07-12 11:22:35,Go,No Shot,No,
2025-07-12 11:22:35,Go,No Shot,No,
2025-07-12 11:22:36,Go,No Shot,No,
2025-07-12 11:22:36,No-Go,No Shot,Yes,
2025-07-12 11:22:36,Go,No Shot,No,
2025-07-12 11:22:36,No-Go,No Shot,Yes,
2025-07-12 11:22:37,Go,No Shot,No,
2025-07-12 11:22:37,Go,No Shot,No,
2025-07-12 11:22:37,Go,No Shot,No,
2025-07-12 11:22:37,Go,No Shot,No,
2025-07-12 11:22:37,Go,No Shot,No,
2025-07-12 11:22:38,Go,No Shot,No,
2025-07-12 11:22:38,No-Go,No Shot,Yes,
2025-07-12 11:22:38,Go,No Shot,No,
2025-07-12 11:22:38,No-Go,No Shot,Yes,
2025-07-12 11:22:38,Go,No Shot,No,
2025-07-12 11:22:39,Go,Shoot,Yes,1295
2025-07-12 11:22:39,Go,No Shot,No,
2025-07-12 11:22:39,Go,No Shot,No,
2025-07-12 11:22:39,Go,Shoot,Yes,1175
2025-07-12 11:22:39,Go,No Shot,No,
2025-07-12 11:22:39,Go,Shoot,Yes,1175
2025-07-12 11:22:39,No-Go,No Shot,Yes,
2025-07-12 11:22:40,No-Go,No Shot,Yes,
2025-07-12 11:22:40,No-Go,No Shot,Yes,
2025-07-12 11:22:41,Go,No Shot,No,
2025-07-12 11:22:41,Go,No Shot,No,
2025-07-12 11:22:41,Go,No Shot,No,
2025-07-12 11:22:41,Go,No Shot,No,
2025-07-12 11:22:41,Go,No Shot,No,
2025-07-12 11:22:42,No-Go,No Shot,Yes,
2025-07-12 11:22:42,No-Go,No Shot,Yes,
2025-07-12 11:22:42,Go,No Shot,No,
2025-07-12 11:22:42,Go,No Shot,No,
2025-07-12 11:22:42,No-Go,No Shot,Yes,
2025-07-12 11:22:43,Go,No Shot,No,
2025-07-12 11:22:43,No-Go,No Shot,Yes,
2025-07-12 11:22:43,Go,No Shot,No,
2025-07-12 11:22:43,Go,No Shot,No,
2025-07-12 11:22:43,Go,No Shot,No,
2025-07-12 12:21:29,Go,Shoot,Yes,2280
2025-07-12 12:21:30,Go,Shoot,Yes,1825
2025-07-12 12:21:31,Go,Shoot,Yes,1365
2025-07-12 12:21:31,No-Go,Shoot,No,1041
2025-07-12 12:21:32,No-Go,Shoot,No,774
2025-07-12 12:21:33,Go,Shoot,Yes,1066
2025-07-12 12:21:34,Go,Shoot,Yes,1403
2025-07-12 12:21:35,Go,Shoot,Yes,1325
2025-07-12 12:21:36,Go,Shoot,Yes,1028
2025-07-12 12:21:36,No-Go,Shoot,No,1006
2025-07-12 12:21:38,Go,Shoot,Yes,1133
2025-07-12 12:21:40,Go,No Shot,No,
2025-07-12 12:21:40,No-Go,Shoot,No,2080
2025-07-12 12:21:40,Go,Shoot,Yes,1947
2025-07-12 12:21:41,Go,Shoot,Yes,1990
2025-07-12 12:21:43,No-Go,No Shot,Yes,
2025-07-12 12:21:43,Go,Shoot,Yes,1429
2025-07-12 12:21:43,No-Go,No Shot,Yes,
2025-07-12 12:21:44,Go,Shoot,Yes,1715
2025-07-12 12:21:44,Go,No Shot,No,
2025-07-12 12:21:45,Go,Shoot,Yes,1643
2025-07-12 12:21:45,Go,Shoot,Yes,1382
2025-07-12 12:21:46,No-Go,No Shot,Yes,
2025-07-12 12:21:47,Go,Shoot,Yes,1870
2025-07-12 12:21:48,Go,Shoot,Yes,1805
2025-07-12 12:21:48,No-Go,No Shot,Yes,
2025-07-12 12:21:49,Go,No Shot,No,
2025-07-12 12:21:49,No-Go,No Shot,Yes,
2025-07-12 12:21:49,Go,No Shot,No,
2025-07-12 12:21:50,Go,No Shot,No,
2025-07-12 12:21:50,Go,No Shot,No,
2025-07-12 12:21:51,Go,No Shot,No,
2025-07-12 12:21:51,No-Go,No Shot,Yes,
2025-07-12 12:21:51,No-Go,No Shot,Yes,
2025-07-12 12:21:51,Go,Shoot,Yes,1074
2025-07-12 12:21:52,Go,No Shot,No,
2025-07-12 12:21:52,No-Go,No Shot,Yes,
2025-07-12 12:21:52,Go,Shoot,Yes,963
2025-07-12 12:21:53,Go,No Shot,No,
2025-07-12 12:21:53,Go,Shoot,Yes,1074
2025-07-12 12:21:53,No-Go,No Shot,Yes,
2025-07-12 12:21:53,Go,Shoot,Yes,1257
2025-07-12 12:21:54,Go,No Shot,No,
2025-07-12 12:21:55,No-Go,No Shot,Yes,
2025-07-12 12:21:55,Go,No Shot,No,
2025-07-12 12:21:55,Go,No Shot,No,
2025-07-12 12:21:55,No-Go,No Shot,Yes,
2025-07-12 12:21:56,Go,No Shot,No,
2025-07-12 12:35:06,Go,Shoot,Yes,3743
2025-07-12 12:35:07,Go,No Shot,No,
2025-07-12 12:35:07,Go,Shoot,Yes,3512
2025-07-12 12:35:08,Go,Shoot,Yes,3137
2025-07-12 12:35:08,Go,Shoot,Yes,2599
2025-07-12 12:35:10,Go,Shoot,Yes,1357
2025-07-12 12:35:11,No-Go,No Shot,Yes,
2025-07-12 12:35:11,Go,Shoot,Yes,2125
2025-07-12 12:35:11,No-Go,No Shot,Yes,
2025-07-12 12:35:12,Go,Shoot,Yes,1996
2025-07-12 12:35:12,Go,Shoot,Yes,1660
2025-07-12 12:35:13,Go,Shoot,Yes,1492
2025-07-12 12:35:14,Go,Shoot,Yes,1050
2025-07-12 12:35:16,No-Go,No Shot,Yes,
2025-07-12 12:35:17,Go,No Shot,No,
2025-07-12 12:35:17,No-Go,No Shot,Yes,
2025-07-12 12:35:18,No-Go,No Shot,Yes,
2025-07-12 12:35:19,Go,No Shot,No,
2025-07-12 12:35:19,No-Go,No Shot,Yes,
2025-07-12 12:35:20,Go,No Shot,No,
2025-07-12 12:35:20,Go,Shoot,Yes,1111
2025-07-12 12:35:20,No-Go,No Shot,Yes,
2025-07-12 12:35:21,No-Go,No Shot,Yes,
2025-07-12 12:35:22,Go,No Shot,No,
2025-07-12 12:35:22,No-Go,No Shot,Yes,
2025-07-12 12:35:23,Go,No Shot,No,
2025-07-12 12:35:23,Go,No Shot,No,
2025-07-12 12:35:24,Go,No Shot,No,
2025-07-12 12:35:24,Go,No Shot,No,
2025-07-12 12:35:25,Go,No Shot,No,
2025-07-12 12:35:25,No-Go,No Shot,Yes,
2025-07-12 12:35:25,Go,No Shot,No,
2025-07-12 12:35:26,Go,No Shot,No,
2025-07-12 12:35:26,No-Go,No Shot,Yes,
2025-07-12 12:36:03,No-Go,Shoot,No,2633
2025-07-12 12:36:05,No-Go,Shoot,No,1763
2025-07-12 12:36:06,No-Go,Shoot,No,1490
2025-07-12 12:36:06,Go,No Shot,No,
2025-07-12 12:36:07,Go,No Shot,No,
2025-07-12 12:36:07,No-Go,Shoot,No,1413
2025-07-12 12:36:08,Go,Shoot,Yes,2876
2025-07-12 12:36:09,Go,Shoot,Yes,2071
2025-07-12 12:36:10,Go,Shoot,Yes,2073
2025-07-12 12:36:10,Go,Shoot,Yes,1980
2025-07-12 12:36:12,Go,Shoot,Yes,2176
2025-07-12 12:36:13,No-Go,No Shot,Yes,
2025-07-12 12:36:13,Go,Shoot,Yes,2290
2025-07-12 12:36:14,Go,Shoot,Yes,2062
2025-07-12 12:36:14,Go,Shoot,Yes,1990
2025-07-12 12:36:15,Go,Shoot,Yes,1922
2025-07-12 12:36:16,Go,Shoot,Yes,1987
2025-07-12 12:36:17,Go,No Shot,No,
2025-07-12 12:36:18,No-Go,No Shot,Yes,
2025-07-12 12:36:18,Go,No Shot,No,
2025-07-12 12:36:19,No-Go,No Shot,Yes,
2025-07-12 12:36:19,Go,No Shot,No,
2025-07-12 12:36:20,Go,No Shot,No,
2025-07-12 12:36:20,Go,No Shot,No,
2025-07-12 12:36:21,No-Go,No Shot,Yes,
2025-07-12 12:36:21,Go,No Shot,No,
2025-07-12 12:36:22,Go,No Shot,No,
2025-07-12 12:36:22,No-Go,No Shot,Yes,
2025-08-12 15:26:23,Go,Shoot,Yes,3613
2025-08-12 15:26:24,Go,No Shot,No,
2025-08-12 15:26:24,Go,Shoot,Yes,2697
2025-08-12 15:26:25,Go,Shoot,Yes,2402
2025-08-12 15:26:25,No-Go,No Shot,Yes,
2025-08-12 15:26:25,Go,Shoot,Yes,2050
2025-08-12 15:26:26,Go,Shoot,Yes,1808
2025-08-12 15:26:27,Go,Shoot,Yes,1743
2025-08-12 15:26:56,Go,No Shot,No,
2025-08-12 15:26:56,Go,No Shot,No,
2025-08-12 15:26:57,Go,No Shot,No,
2025-08-12 15:26:58,Go,No Shot,No,
2025-08-12 15:26:59,No-Go,No Shot,Yes,
2025-08-12 15:26:59,No-Go,No Shot,Yes,
2025-08-12 15:27:00,No-Go,No Shot,Yes,
2025-08-12 15:27:01,Go,No Shot,No,
2025-08-12 15:27:02,No-Go,No Shot,Yes,
2025-08-12 15:27:02,No-Go,No Shot,Yes,
2025-08-12 15:27:03,Go,No Shot,No,
2025-08-12 15:27:04,No-Go,No Shot,Yes,
2025-08-12 15:27:04,Go,No Shot,No,
2025-08-12 15:27:04,Go,Shoot,Yes,1872
2025-08-12 15:27:05,Go,No Shot,No,
2025-08-12 15:27:05,No-Go,Shoot,No,1291
2025-08-12 15:27:06,No-Go,Shoot,No,1244
2025-08-12 15:27:06,No-Go,No Shot,Yes,
2025-08-12 15:27:07,Go,Shoot,Yes,1390
2025-08-12 15:27:08,Go,Shoot,Yes,1242
2025-08-12 15:27:08,Go,Shoot,Yes,1300
2025-08-12 15:27:08,No-Go,No Shot,Yes,
2025-08-12 15:27:09,Go,Shoot,Yes,1253
2025-08-12 15:27:09,Go,Shoot,Yes,1253
2025-08-12 15:27:10,No-Go,Shoot,No,1184
2025-08-12 15:27:10,Go,Shoot,Yes,1119
2025-08-12 15:27:11,Go,Shoot,Yes,1270
2025-08-12 15:27:12,No-Go,No Shot,Yes,
2025-08-12 15:27:13,Go,Shoot,Yes,1733
2025-08-12 15:27:13,No-Go,No Shot,Yes,
2025-08-12 15:27:13,Go,Shoot,Yes,1760
2025-08-12 15:27:14,Go,No Shot,No,
2025-08-12 15:27:14,Go,Shoot,Yes,2028
2025-08-12 15:27:15,Go,No Shot,No,
2025-08-12 15:27:15,Go,Shoot,Yes,1631
2025-08-12 15:27:15,No-Go,No Shot,Yes,
2025-08-12 15:27:16,Go,Shoot,Yes,1814
2025-08-12 15:27:16,Go,Shoot,Yes,1799
2025-08-12 15:27:16,Go,Shoot,Yes,1730
2025-08-12 15:27:17,Go,No Shot,No,
2025-08-12 15:27:17,Go,No Shot,No,
2025-08-12 15:27:17,Go,No Shot,No,
2025-08-12 15:27:17,Go,Shoot,Yes,1771
2025-08-12 15:27:18,Go,No Shot,No,
2025-08-12 15:27:18,No-Go,No Shot,Yes,
2025-08-12 15:27:18,Go,Shoot,Yes,1835
2025-08-12 15:27:19,No-Go,No Shot,Yes,
2025-08-12 15:27:19,No-Go,No Shot,Yes,
2025-08-12 15:27:19,Go,Shoot,Yes,1803
2025-08-12 15:27:19,Go,Shoot,Yes,1857
2025-08-12 15:27:20,Go,No Shot,No,
2025-08-12 15:27:20,Go,No Shot,No,
2025-08-12 15:27:20,Go,No Shot,No,
2025-08-12 15:27:20,Go,No Shot,No,
2025-08-12 15:27:21,Go,Shoot,Yes,1600
2025-08-12 15:27:21,Go,No Shot,No,
2025-08-12 15:27:21,Go,No Shot,No,
2025-08-12 15:27:21,Go,Shoot,Yes,1161
2025-08-12 15:27:21,No-Go,No Shot,Yes,
2025-08-12 15:27:22,No-Go,No Shot,Yes,
2025-08-12 15:27:22,Go,No Shot,No,
2025-08-12 15:27:22,Go,No Shot,No,
2025-08-12 15:27:22,Go,No Shot,No,
2025-08-12 15:27:23,Go,No Shot,No,
2025-08-12 15:27:23,No-Go,No Shot,Yes,
2025-08-12 15:27:23,Go,No Shot,No,
2025-08-12 15:27:23,Go,No Shot,No,
2025-08-12 15:27:24,No-Go,No Shot,Yes,
2025-08-12 15:27:24,Go,No Shot,No,
2025-08-12 15:27:24,Go,No Shot,No,
2025-08-12 15:27:24,No-Go,No Shot,Yes,
2025-08-12 15:27:24,No-Go,No Shot,Yes,
2025-08-12 15:27:25,Go,No Shot,No,
2025-08-12 15:27:25,Go,No Shot,No,
2025-08-12 15:27:25,No-Go,No Shot,Yes,
2025-08-12 15:27:25,Go,No Shot,No,
2025-08-12 15:27:25,No-Go,No Shot,Yes,
2025-08-12 15:28:07,Go,Shoot,Yes,1213
2025-08-12 15:28:08,Go,Shoot,Yes,997
2025-08-12 15:28:10,No-Go,Shoot,No,1287
2025-08-12 15:28:10,No-Go,Shoot,No,1127
2025-08-12 15:28:11,Go,Shoot,Yes,905
2025-08-12 15:28:12,Go,Shoot,Yes,824
2025-08-12 15:28:13,Go,Shoot,Yes,1044
2025-08-12 15:28:15,No-Go,Shoot,No,1120
2025-08-12 15:28:17,No-Go,No Shot,Yes,
2025-08-12 15:28:18,No-Go,No Shot,Yes,
2025-08-12 15:28:18,Go,Shoot,Yes,1086
2025-08-12 15:28:19,Go,No Shot,No,
2025-08-12 15:28:19,Go,Shoot,Yes,1238
2025-08-12 15:28:20,No-Go,No Shot,Yes,
2025-08-12 15:28:20,Go,Shoot,Yes,1165
2025-08-12 15:28:20,Go,Shoot,Yes,1150
2025-08-12 15:28:22,Go,Shoot,Yes,1889
2025-08-12 15:28:23,Go,Shoot,Yes,1517
2025-08-12 15:28:23,No-Go,No Shot,Yes,
2025-08-12 15:28:24,Go,Shoot,Yes,1637
2025-08-12 15:28:25,Go,Shoot,Yes,2054
2025-08-12 15:28:25,Go,No Shot,No,
2025-08-12 15:28:26,Go,Shoot,Yes,2348
2025-08-12 15:28:27,Go,No Shot,No,
2025-08-12 15:28:27,Go,Shoot,Yes,2023
2025-08-12 15:28:27,Go,Shoot,Yes,1953
2025-08-12 15:28:28,No-Go,No Shot,Yes,
2025-08-12 15:28:28,Go,Shoot,Yes,1788
2025-08-12 15:28:29,Go,Shoot,Yes,1779
2025-08-12 15:28:29,Go,No Shot,No,
2025-08-12 15:28:30,No-Go,No Shot,Yes,
2025-08-12 15:28:30,Go,Shoot,Yes,2046
2025-08-12 15:28:31,No-Go,No Shot,Yes,
2025-08-12 15:28:31,No-Go,No Shot,Yes,
2025-08-12 15:28:31,Go,Shoot,Yes,1452
2025-08-12 15:28:32,No-Go,No Shot,Yes,
2025-08-12 15:28:32,Go,No Shot,No,
2025-08-12 15:28:33,Go,Shoot,Yes,1552
2025-08-12 15:28:33,No-Go,No Shot,Yes,
2025-08-12 15:28:33,No-Go,No Shot,Yes,
2025-08-12 15:28:34,Go,No Shot,No,
2025-08-12 15:28:34,Go,Shoot,Yes,1175
2025-08-12 15:28:34,No-Go,No Shot,Yes,
2025-08-12 15:28:34,No-Go,No Shot,Yes,
2025-08-12 15:28:34,Go,No Shot,No,
2025-08-12 15:28:35,Go,No Shot,No,
2025-08-12 15:28:35,Go,Shoot,Yes,1512
2025-08-12 15:28:35,No-Go,No Shot,Yes,
2025-08-12 15:28:36,Go,Shoot,Yes,1427
2025-08-12 15:28:36,No-Go,No Shot,Yes,
2025-08-12 15:28:36,No-Go,No Shot,Yes,
2025-08-12 15:28:36,Go,No Shot,No,
2025-08-12 15:28:37,Go,Shoot,Yes,1780
2025-08-12 15:28:37,Go,Shoot,Yes,1535
2025-08-12 15:28:37,Go,No Shot,No,
2025-08-12 15:28:37,No-Go,No Shot,Yes,
2025-08-12 15:28:38,Go,No Shot,No,
2025-08-12 15:28:38,Go,Shoot,Yes,1496
2025-08-12 15:28:38,Go,No Shot,No,
2025-08-12 15:28:38,Go,Shoot,Yes,1474
2025-08-12 15:28:39,No-Go,No Shot,Yes,
2025-08-12 15:28:39,Go,Shoot,Yes,1439
2025-08-12 15:28:39,No-Go,No Shot,Yes,
2025-08-12 15:28:39,No-Go,No Shot,Yes,
2025-08-12 15:28:39,Go,Shoot,Yes,1248
2025-08-12 15:28:39,Go,No Shot,No,
2025-08-12 15:28:40,Go,Shoot,Yes,1331
2025-08-12 15:28:40,No-Go,No Shot,Yes,
2025-08-12 15:28:40,Go,Shoot,Yes,1422
2025-08-12 15:28:40,Go,No Shot,No,
2025-08-12 15:28:41,Go,Shoot,Yes,1489
2025-08-12 15:28:41,No-Go,No Shot,Yes,
2025-08-12 15:28:41,Go,No Shot,No,
2025-08-12 15:28:41,Go,No Shot,No,
2025-08-12 15:28:42,No-Go,No Shot,Yes,
2025-08-12 15:28:42,No-Go,No Shot,Yes,
2025-08-12 15:28:42,Go,No Shot,No,
2025-08-12 15:28:42,No-Go,No Shot,Yes,
2025-08-12 15:28:42,Go,No Shot,No,
2025-08-12 15:28:43,Go,Shoot,Yes,1281
2025-08-12 15:28:43,Go,No Shot,No,
2025-08-12 15:28:43,Go,Shoot,Yes,1266
2025-08-12 15:28:43,No-Go,No Shot,Yes,
2025-08-12 15:28:43,No-Go,No Shot,Yes,
2025-08-12 15:28:43,Go,Shoot,Yes,1186
2025-08-12 15:28:44,No-Go,No Shot,Yes,
2025-08-12 15:28:44,No-Go,No Shot,Yes,
2025-08-12 15:28:44,No-Go,No Shot,Yes,
2025-08-12 15:28:44,Go,Shoot,Yes,1303
2025-08-12 15:28:44,Go,No Shot,No,
2025-08-12 15:28:45,Go,No Shot,No,
2025-08-12 15:28:45,Go,Shoot,Yes,1387
2025-08-12 15:28:45,Go,No Shot,No,
2025-08-12 15:28:46,Go,No Shot,No,
2025-08-12 15:28:46,Go,No Shot,No,
2025-08-12 15:28:46,Go,No Shot,No,
2025-08-12 15:28:46,Go,No Shot,No,
2025-08-12 15:28:46,Go,No Shot,No,
2025-08-12 15:28:47,Go,No Shot,No,
2025-08-12 15:28:47,Go,No Shot,No,
2025-08-12 15:28:47,Go,No Shot,No,
2025-08-12 15:28:47,No-Go,No Shot,Yes,
2025-08-12 15:28:47,Go,Shoot,Yes,1463
2025-08-12 15:28:47,Go,No Shot,No,
2025-08-12 15:28:48,Go,No Shot,No,
2025-08-12 15:28:48,Go,Shoot,Yes,1299
2025-08-12 15:28:48,Go,No Shot,No,
2025-08-12 15:28:48,No-Go,No Shot,Yes,
2025-08-12 15:28:49,Go,No Shot,No,
2025-08-12 15:28:49,Go,Shoot,Yes,986
2025-08-12 15:28:49,No-Go,No Shot,Yes,
2025-08-12 15:28:49,No-Go,No Shot,Yes,
2025-08-12 15:28:49,No-Go,No Shot,Yes,
2025-08-12 15:28:50,Go,Shoot,Yes,1329
2025-08-12 15:28:50,No-Go,No Shot,Yes,
2025-08-12 15:28:50,Go,Shoot,Yes,1540
2025-08-12 15:28:50,Go,No Shot,No,
2025-08-12 15:28:51,Go,No Shot,No,
2025-08-12 15:28:51,Go,No Shot,No,
2025-08-12 15:28:51,Go,No Shot,No,
2025-08-12 15:28:51,Go,Shoot,Yes,1469
2025-08-12 15:28:51,No-Go,No Shot,Yes,
2025-08-12 15:28:52,Go,No Shot,No,
2025-08-12 15:28:52,Go,No Shot,No,
2025-08-12 15:28:52,No-Go,No Shot,Yes,
2025-08-12 15:28:52,Go,Shoot,Yes,1423
2025-08-12 15:28:52,Go,No Shot,No,
2025-08-12 15:28:53,Go,No Shot,No,
2025-08-12 15:28:53,Go,No Shot,No,
2025-08-12 15:28:53,No-Go,No Shot,Yes,
2025-08-12 15:28:53,Go,No Shot,No,
2025-08-12 15:28:54,Go,Shoot,Yes,1309
2025-08-12 15:28:54,Go,No Shot,No,
2025-08-12 15:28:54,Go,No Shot,No,
2025-08-12 15:28:54,Go,No Shot,No,
2025-08-12 15:28:54,No-Go,No Shot,Yes,
2025-08-12 15:28:55,Go,No Shot,No,
2025-08-12 15:28:55,Go,Shoot,Yes,1224
2025-08-12 15:28:55,No-Go,No Shot,Yes,
2025-08-12 15:28:55,No-Go,No Shot,Yes,
2025-08-12 15:28:55,Go,Shoot,Yes,1277
2025-08-12 15:28:55,Go,No Shot,No,
2025-08-12 15:28:56,No-Go,No Shot,Yes,
2025-08-12 15:28:56,Go,Shoot,Yes,1145
2025-08-12 15:28:56,No-Go,No Shot,Yes,
2025-08-12 15:28:56,No-Go,No Shot,Yes,
2025-08-12 15:28:57,Go,No Shot,No,
2025-08-12 15:28:57,Go,No Shot,No,
2025-08-12 15:28:57,No-Go,No Shot,Yes,
2025-08-12 15:28:57,No-Go,No Shot,Yes,
2025-08-12 15:28:58,Go,No Shot,No,
2025-08-12 15:28:58,Go,No Shot,No,
2025-08-12 15:28:58,No-Go,No Shot,Yes,
2025-08-12 15:28:58,Go,No Shot,No,
2025-08-12 15:28:58,Go,No Shot,No,
2025-08-12 15:28:59,Go,No Shot,No,
2025-08-12 15:28:59,Go,No Shot,No,
2025-08-12 15:28:59,Go,No Shot,No,
2025-08-12 15:28:59,Go,No Shot,No,
2025-08-12 15:28:59,Go,No Shot,No,
2025-08-12 15:29:00,Go,No Shot,No,
2025-08-13 15:24:58,Go,Shoot,Yes,1883
2025-08-13 15:24:59,Go,Shoot,Yes,1976
2025-08-13 15:25:01,No-Go,Shoot,No,2276
2025-08-13 15:25:02,Go,Shoot,Yes,2099
2025-08-13 15:25:03,Go,Shoot,Yes,2798
2025-08-13 15:25:04,Go,Shoot,Yes,2154
2025-08-13 15:25:05,Go,Shoot,Yes,1964
2025-08-13 15:25:05,No-Go,No Shot,Yes,
2025-08-13 15:25:06,Go,Shoot,Yes,2198
2025-08-13 15:25:08,Go,Shoot,Yes,2844
2025-08-13 15:25:09,Go,Shoot,Yes,3139
2025-08-13 15:25:09,Go,Shoot,Yes,3194
2025-08-13 15:25:10,Go,No Shot,No,
2025-08-13 15:25:11,Go,Shoot,Yes,2935
2025-08-13 15:25:11,Go,No Shot,No,
2025-08-13 15:25:12,Go,No Shot,No,
2025-08-13 15:25:12,Go,Shoot,Yes,2454
2025-08-13 15:25:13,Go,Shoot,Yes,2474
2025-08-13 15:25:14,Go,Shoot,Yes,2417
2025-08-13 15:25:14,Go,Shoot,Yes,2375
2025-08-13 15:25:15,Go,No Shot,No,
2025-08-13 15:25:15,Go,No Shot,No,
2025-08-13 15:25:16,Go,No Shot,No,
2025-08-13 15:25:16,Go,No Shot,No,
2025-08-13 15:25:17,Go,No Shot,No,
2025-08-13 15:25:17,Go,No Shot,No,
2025-08-13 15:25:18,Go,No Shot,No,
2025-08-13 15:25:18,Go,Shoot,Yes,1920
2025-08-13 15:25:19,Go,No Shot,No,
2025-08-13 15:25:19,Go,No Shot,No,
2025-08-13 15:25:20,No-Go,No Shot,Yes,
2025-08-13 15:25:20,Go,No Shot,No,
2025-08-13 15:25:20,Go,No Shot,No,
2025-08-13 15:25:21,Go,No Shot,No,
2025-08-13 15:25:21,Go,No Shot,No,
2025-08-13 15:25:21,No-Go,No Shot,Yes,
2025-08-13 15:25:22,Go,No Shot,No,
2025-08-13 15:25:22,Go,No Shot,No,
2025-08-13 15:25:22,Go,No Shot,No,
2025-08-13 15:25:23,No-Go,No Shot,Yes,
2025-08-13 15:25:23,No-Go,No Shot,Yes,
2025-08-13 15:25:23,Go,No Shot,No,
2025-08-13 15:25:23,No-Go,No Shot,Yes,
2025-08-13 15:25:24,No-Go,No Shot,Yes,
2025-08-13 15:25:24,Go,No Shot,No,
2025-08-13 15:25:24,Go,No Shot,No,
2025-08-13 15:25:24,No-Go,No Shot,Yes,
2025-08-13 15:25:25,Go,No Shot,No,
2025-08-13 15:25:25,Go,No Shot,No,
2025-08-13 15:25:25,Go,No Shot,No,
2025-08-13 15:25:25,Go,Shoot,Yes,1836
2025-08-13 15:25:26,Go,No Shot,No,
2025-08-13 15:25:26,No-Go,No Shot,Yes,
2025-08-13 15:25:26,Go,No Shot,No,
2025-08-13 15:25:26,Go,No Shot,No,
2025-08-13 15:25:27,No-Go,No Shot,Yes,
2025-08-13 15:25:27,Go,No Shot,No,
2025-08-13 15:25:27,Go,No Shot,No,
2025-08-13 15:25:27,Go,No Shot,No,
2025-08-13 15:25:28,Go,No Shot,No,
2025-08-13 15:25:28,Go,No Shot,No,
2025-08-13 15:25:28,Go,No Shot,No,
2025-08-13 15:25:28,Go,No Shot,No,
2025-08-13 15:25:28,Go,No Shot,No,
2025-08-13 15:25:29,Go,No Shot,No,
2025-08-13 15:25:29,No-Go,No Shot,Yes,
2025-08-13 15:25:29,Go,Shoot,Yes,953
2025-08-13 15:25:29,No-Go,No Shot,Yes,
2025-08-13 15:25:29,No-Go,No Shot,Yes,
2025-08-13 15:25:29,Go,No Shot,No,
2025-08-13 15:25:30,No-Go,No Shot,Yes,
2025-08-13 15:25:30,No-Go,No Shot,Yes,
2025-08-13 15:25:30,Go,No Shot,No,
2025-08-13 15:25:30,No-Go,No Shot,Yes,
2025-08-13 15:25:31,Go,Shoot,Yes,942
2025-08-13 15:25:31,No-Go,No Shot,Yes,
2025-08-13 15:25:31,Go,No Shot,No,
2025-08-13 15:25:31,Go,Shoot,Yes,976
2025-08-13 15:25:31,Go,No Shot,No,
2025-08-13 15:25:31,No-Go,No Shot,Yes,
2025-08-13 15:25:32,Go,No Shot,No,
2025-08-13 15:25:32,No-Go,No Shot,Yes,
2025-08-13 15:25:32,Go,Shoot,Yes,737
2025-08-13 15:25:32,Go,No Shot,No,
2025-08-13 15:25:33,Go,No Shot,No,
2025-08-13 15:25:33,Go,No Shot,No,
2025-08-13 15:25:33,Go,No Shot,No,
2025-08-13 15:25:33,Go,No Shot,No,
2025-08-13 15:25:34,Go,No Shot,No,
2025-08-13 15:25:34,Go,No Shot,No,
2025-08-13 15:25:34,No-Go,No Shot,Yes,
2025-08-13 15:25:34,Go,No Shot,No,
2025-08-13 15:25:35,Go,No Shot,No,
2025-08-13 15:25:35,Go,No Shot,No,
2025-08-13 15:25:35,Go,No Shot,No,
2025-08-13 15:25:35,Go,No Shot,No,
2025-08-13 15:25:35,Go,No Shot,No,
2025-08-13 15:25:36,No-Go,No Shot,Yes,
2025-08-13 15:25:36,No-Go,No Shot,Yes,
2025-08-13 15:25:36,Go,No Shot,No,
2025-08-13 15:25:36,Go,No Shot,No,
2025-08-13 15:25:36,Go,No Shot,No,
2025-08-13 15:25:37,No-Go,No Shot,Yes,
2025-08-13 15:25:37,Go,No Shot,No,
2025-08-13 15:25:37,Go,No Shot,No,
2025-08-13 15:25:37,No-Go,No Shot,Yes,
2025-08-13 15:25:37,Go,No Shot,No,
2025-08-13 15:25:38,Go,No Shot,No,
2025-08-13 15:25:38,Go,No Shot,No,
2025-08-13 15:25:38,Go,No Shot,No,
2025-08-13 15:25:38,Go,No Shot,No,
2025-08-13 15:25:38,Go,Shoot,Yes,1092
2025-08-13 15:25:38,Go,No Shot,No,
2025-08-13 15:25:39,No-Go,No Shot,Yes,
2025-08-13 15:25:39,Go,Shoot,Yes,1145
2025-08-13 15:25:39,No-Go,No Shot,Yes,
2025-08-13 15:25:39,Go,No Shot,No,
2025-08-13 15:25:40,Go,No Shot,No,
2025-08-13 15:25:40,Go,Shoot,Yes,1100
2025-08-13 15:25:40,Go,No Shot,No,
2025-08-13 15:25:40,Go,No Shot,No,
2025-08-13 15:25:40,Go,No Shot,No,
2025-08-13 15:25:41,Go,No Shot,No,
2025-08-13 15:25:41,No-Go,No Shot,Yes,
2025-08-13 15:25:41,Go,Shoot,Yes,1056
2025-08-13 15:25:41,Go,No Shot,No,
2025-08-13 15:25:41,Go,No Shot,No,
2025-08-13 15:25:42,Go,No Shot,No,
2025-08-13 15:25:42,Go,Shoot,Yes,1256
2025-08-13 15:25:42,Go,No Shot,No,
2025-08-13 15:25:42,Go,Shoot,Yes,1242
2025-08-13 15:25:42,No-Go,No Shot,Yes,
2025-08-13 15:25:43,Go,No Shot,No,
2025-08-13 15:25:43,Go,No Shot,No,
2025-08-13 15:25:43,No-Go,No Shot,Yes,
2025-08-13 15:25:44,Go,No Shot,No,
2025-08-13 15:25:44,No-Go,No Shot,Yes,
2025-08-13 15:25:44,Go,No Shot,No,
2025-08-13 15:25:44,No-Go,No Shot,Yes,
2025-08-13 15:25:44,No-Go,No Shot,Yes,
2025-08-13 15:25:45,Go,No Shot,No,
2025-08-13 15:25:45,No-Go,No Shot,Yes,
2025-08-13 15:25:45,Go,No Shot,No,
2025-08-13 15:25:45,Go,Shoot,Yes,1133
2025-08-13 15:25:45,Go,No Shot,No,
2025-08-13 15:25:45,No-Go,No Shot,Yes,
2025-08-13 15:25:46,No-Go,No Shot,Yes,
2025-08-13 15:25:46,Go,No Shot,No,
2025-08-13 15:25:46,Go,No Shot,No,
2025-08-13 15:25:46,Go,Shoot,Yes,1202
2025-08-13 15:25:46,Go,No Shot,No,
2025-08-13 15:25:47,Go,No Shot,No,
2025-08-13 15:25:47,Go,Shoot,Yes,1221
2025-08-13 15:25:47,No-Go,No Shot,Yes,
2025-08-13 15:25:48,No-Go,No Shot,Yes,
2025-08-13 15:25:48,No-Go,No Shot,Yes,
2025-08-13 15:25:48,Go,No Shot,No,
2025-08-13 15:25:48,No-Go,No Shot,Yes,
2025-08-13 15:25:48,Go,No Shot,No,
2025-08-13 15:25:49,Go,No Shot,No,
2025-08-13 15:25:49,Go,No Shot,No,
2025-08-13 15:25:49,No-Go,No Shot,Yes,
2025-08-13 15:25:49,Go,No Shot,No,
2025-08-13 15:25:49,No-Go,No Shot,Yes,
2025-08-13 15:25:50,Go,No Shot,No,
2025-08-13 15:25:50,Go,No Shot,No,
2025-08-13 15:25:50,No-Go,No Shot,Yes,
2025-08-13 15:25:50,Go,No Shot,No,
2025-08-13 15:25:50,Go,No Shot,No,
2025-08-13 15:25:51,Go,No Shot,No,
2025-08-13 15:25:51,Go,No Shot,No,
2025-08-13 15:25:51,Go,No Shot,No,
2025-08-13 15:25:51,Go,No Shot,No,
2025-08-13 15:25:52,Go,No Shot,No,
2025-08-13 15:25:52,Go,No Shot,No,
2025-08-13 15:25:52,Go,No Shot,No,
2025-08-13 15:25:52,Go,No Shot,No,
2025-08-13 15:25:52,No-Go,No Shot,Yes,
2025-08-13 15:25:53,No-Go,No Shot,Yes,
2025-08-13 15:25:53,Go,No Shot,No,
2025-08-13 15:25:53,Go,No Shot,No,
2025-08-13 15:25:53,No-Go,No Shot,Yes,
2025-08-13 15:25:53,No-Go,No Shot,Yes,
2025-08-13 15:25:54,No-Go,No Shot,Yes,
2025-08-13 15:25:54,No-Go,No Shot,Yes,
2025-08-13 15:25:54,Go,No Shot,No,
2025-08-13 15:25:54,No-Go,No Shot,Yes,
2025-08-13 15:25:55,Go,No Shot,No,
2025-08-13 15:25:55,Go,No Shot,No,
2025-08-13 15:25:55,Go,No Shot,No,
2025-08-13 15:25:55,Go,No Shot,No,
2025-08-13 15:25:55,No-Go,No Shot,Yes,
2025-08-13 15:25:56,No-Go,No Shot,Yes,
2025-08-13 15:25:56,Go,No Shot,No,
2025-08-13 15:25:56,Go,No Shot,No,
2025-08-13 15:25:56,No-Go,No Shot,Yes,
2025-08-13 15:25:56,Go,No Shot,No,
2025-08-22 17:30:57,Go,Shoot,Yes,2675
2025-08-22 17:31:00,Go,Shoot,Yes,2530
2025-08-22 17:31:00,No-Go,No Shot,Yes,
2025-08-22 17:31:01,No-Go,No Shot,Yes,
2025-08-22 17:31:01,Go,Shoot,Yes,2729
2025-08-22 17:31:02,Go,Shoot,Yes,2706
2025-08-22 17:31:03,Go,Shoot,Yes,1798
2025-08-22 17:31:04,Go,Shoot,Yes,2066
2025-08-22 17:31:04,No-Go,No Shot,Yes,
2025-08-22 17:31:05,Go,Shoot,Yes,2254
2025-08-22 17:31:07,Go,Shoot,Yes,2819
2025-08-22 17:31:07,Go,Shoot,Yes,2188
2025-08-22 17:31:08,No-Go,No Shot,Yes,
2025-08-22 17:31:08,Go,Shoot,Yes,2316
2025-08-22 17:31:09,Go,Shoot,Yes,2628
2025-08-22 17:31:10,Go,No Shot,No,
2025-08-22 17:31:11,No-Go,No Shot,Yes,
2025-08-22 17:31:12,No-Go,No Shot,Yes,
2025-08-22 17:31:12,No-Go,No Shot,Yes,
2025-08-22 17:31:12,Go,Shoot,Yes,750
2025-08-22 17:31:13,No-Go,No Shot,Yes,
2025-08-22 17:31:13,Go,Shoot,Yes,710
2025-08-22 17:31:13,No-Go,No Shot,Yes,
2025-08-22 17:31:14,No-Go,No Shot,Yes,
2025-08-22 17:31:14,Go,Shoot,Yes,1278
2025-08-22 17:31:15,Go,Shoot,Yes,1703
2025-08-22 17:31:16,Go,Shoot,Yes,1760
2025-08-22 17:31:17,Go,No Shot,No,
2025-08-22 17:31:17,Go,Shoot,Yes,2182
2025-08-22 17:31:17,Go,No Shot,No,
2025-08-22 17:31:18,Go,No Shot,No,
2025-08-22 17:31:18,Go,No Shot,No,
2025-08-22 17:31:19,Go,No Shot,No,
2025-08-22 17:31:19,Go,No Shot,No,
2025-08-22 17:31:19,Go,No Shot,No,
2025-08-22 17:31:20,No-Go,No Shot,Yes,
2025-08-22 17:31:20,Go,No Shot,No,
2025-08-22 17:31:20,No-Go,No Shot,Yes,
2025-08-22 17:31:21,Go,Shoot,Yes,1043
2025-08-22 17:31:21,No-Go,No Shot,Yes,
2025-08-22 17:31:21,Go,Shoot,Yes,911
2025-08-22 17:31:21,Go,No Shot,No,
2025-08-22 17:31:21,Go,Shoot,Yes,860
2025-08-22 17:31:21,No-Go,No Shot,Yes,
2025-08-22 17:31:22,No-Go,No Shot,Yes,
2025-08-22 17:31:22,Go,Shoot,Yes,1146
2025-08-22 17:31:23,Go,No Shot,No,
2025-08-22 17:31:23,Go,No Shot,No,
2025-08-22 17:31:23,Go,No Shot,No,
2025-08-22 17:31:24,Go,No Shot,No,
2025-08-22 17:31:24,No-Go,No Shot,Yes,
2025-08-22 17:31:24,Go,No Shot,No,
2025-08-22 17:31:24,Go,Shoot,Yes,1114
2025-08-22 17:31:24,Go,No Shot,No,
2025-08-22 17:31:25,Go,No Shot,No,
2025-08-22 17:31:25,Go,No Shot,No,
2025-08-22 17:31:25,Go,No Shot,No,
2025-08-22 17:31:26,Go,No Shot,No,
2025-08-22 17:31:26,Go,No Shot,No,
2025-08-22 17:31:26,Go,No Shot,No,
2025-08-22 17:31:26,No-Go,No Shot,Yes,
2025-08-22 17:31:26,Go,No Shot,No,
2025-08-22 17:31:27,Go,No Shot,No,
2025-08-22 17:31:27,Go,No Shot,No,
2025-08-22 17:31:27,Go,No Shot,No,
2025-08-22 17:31:27,Go,No Shot,No,
2025-08-22 17:31:27,Go,No Shot,No,
2025-08-22 17:31:28,No-Go,No Shot,Yes,
2025-08-22 17:31:28,Go,No Shot,No,
2025-08-22 17:31:28,Go,No Shot,No,
2025-08-22 17:31:28,Go,Shoot,Yes,1018
2025-08-22 17:31:28,Go,No Shot,No,
2025-08-22 17:31:29,No-Go,No Shot,Yes,
2025-08-22 17:31:29,Go,No Shot,No,
2025-08-22 17:31:29,Go,Shoot,Yes,1340
2025-08-22 17:31:29,Go,No Shot,No,
2025-08-22 17:31:29,Go,No Shot,No,
2025-08-22 17:31:30,No-Go,No Shot,Yes,
2025-08-22 17:31:30,No-Go,No Shot,Yes,
2025-08-22 17:31:30,Go,No Shot,No,
2025-08-22 17:31:30,No-Go,No Shot,Yes,
2025-08-22 17:31:31,No-Go,No Shot,Yes,
2025-08-22 17:31:31,Go,No Shot,No,
2025-08-22 17:31:31,No-Go,No Shot,Yes,
2025-08-22 17:31:31,No-Go,No Shot,Yes,
2025-08-22 17:31:31,Go,Shoot,Yes,1031
2025-08-22 17:31:31,No-Go,No Shot,Yes,
2025-08-22 17:31:32,No-Go,No Shot,Yes,
2025-08-22 17:31:32,No-Go,No Shot,Yes,
2025-08-22 17:31:32,Go,Shoot,Yes,1265
2025-08-22 17:31:32,Go,No Shot,No,
2025-08-22 17:31:32,Go,Shoot,Yes,1598
2025-08-22 17:31:33,No-Go,No Shot,Yes,
2025-08-22 17:31:33,No-Go,No Shot,Yes,
2025-08-22 17:31:33,No-Go,No Shot,Yes,
2025-08-22 17:31:34,Go,No Shot,No,
2025-08-22 17:31:34,No-Go,No Shot,Yes,
2025-08-22 17:31:34,No-Go,No Shot,Yes,
2025-08-22 17:31:34,Go,No Shot,No,
2025-08-22 17:31:34,Go,No Shot,No,
2025-08-22 17:31:35,Go,No Shot,No,
2025-08-22 17:31:35,No-Go,No Shot,Yes,
2025-08-22 17:31:35,Go,No Shot,No,
2025-08-22 17:31:35,Go,No Shot,No,
2025-08-22 17:31:35,Go,No Shot,No,
2025-08-22 17:31:36,Go,No Shot,No,
2025-08-22 17:31:36,Go,No Shot,No,
2025-08-22 17:31:36,Go,No Shot,No,
2025-08-22 17:31:36,No-Go,No Shot,Yes,
2025-08-22 17:31:36,Go,No Shot,No,
2025-08-22 17:31:37,No-Go,No Shot,Yes,
2025-08-22 17:31:37,Go,No Shot,No,
2025-08-22 17:31:37,Go,No Shot,No,
2025-08-22 17:31:37,Go,No Shot,No,
2025-08-22 17:31:37,Go,No Shot,No,
2025-08-22 17:31:38,No-Go,No Shot,Yes,
2025-08-22 17:31:38,Go,No Shot,No,
2025-08-22 17:31:38,Go,No Shot,No,
2025-08-22 17:31:38,Go,No Shot,No,
2025-08-22 17:31:38,Go,No Shot,No,
2025-08-22 17:31:39,Go,Shoot,Yes,1644
2025-08-22 17:31:39,Go,No Shot,No,
2025-08-22 17:31:39,Go,No Shot,No,
2025-08-22 17:31:39,Go,No Shot,No,
2025-08-22 17:31:40,Go,No Shot,No,
2025-08-22 17:31:40,Go,No Shot,No,
2025-08-22 17:31:40,Go,No Shot,No,
2025-08-22 17:31:44,Go,Shoot,Yes,1540
2025-08-22 17:31:44,Go,Shoot,Yes,1332
2025-08-22 17:31:46,Go,Shoot,Yes,1115
2025-08-22 17:31:49,No-Go,No Shot,Yes,
2025-08-22 17:31:49,Go,Shoot,Yes,1449
2025-08-22 17:31:50,Go,Shoot,Yes,1358
2025-08-22 17:31:50,No-Go,No Shot,Yes,
2025-08-22 17:31:51,Go,Shoot,Yes,1127
2025-08-22 17:31:51,No-Go,No Shot,Yes,
2025-08-22 17:31:54,Go,Shoot,Yes,1509
2025-08-22 17:31:54,No-Go,No Shot,Yes,
2025-08-22 17:31:55,Go,No Shot,No,
2025-08-22 17:31:56,Go,Shoot,Yes,2428
2025-08-22 17:31:56,No-Go,No Shot,Yes,
2025-08-22 17:31:57,Go,Shoot,Yes,2682
2025-08-22 17:31:58,No-Go,No Shot,Yes,
2025-08-22 17:31:58,Go,Shoot,Yes,1139
2025-08-22 17:31:59,No-Go,No Shot,Yes,
2025-08-22 17:31:59,Go,Shoot,Yes,1300
2025-08-22 17:31:59,No-Go,No Shot,Yes,
2025-08-22 17:32:00,Go,Shoot,Yes,1327
2025-08-22 17:32:01,Go,Shoot,Yes,1065
2025-08-22 17:32:02,Go,Shoot,Yes,967
2025-08-22 17:32:02,No-Go,No Shot,Yes,
2025-08-22 17:32:03,No-Go,No Shot,Yes,
2025-08-22 17:32:03,Go,Shoot,Yes,913
2025-08-22 17:32:03,Go,Shoot,Yes,999
2025-08-22 17:32:04,No-Go,No Shot,Yes,
2025-08-22 17:32:05,Go,Shoot,Yes,1575
2025-08-22 17:32:05,Go,No Shot,No,
2025-08-22 17:32:05,Go,Shoot,Yes,1506
2025-08-22 17:32:05,Go,Shoot,Yes,1521
2025-08-22 17:32:07,No-Go,No Shot,Yes,
2025-08-22 17:32:07,No-Go,No Shot,Yes,
2025-08-22 17:32:07,Go,Shoot,Yes,2052
2025-08-22 17:32:08,Go,No Shot,No,
2025-08-22 17:32:08,Go,No Shot,No,
2025-08-22 17:32:08,No-Go,No Shot,Yes,
2025-08-22 17:32:09,Go,No Shot,No,
2025-08-22 17:32:09,No-Go,No Shot,Yes,
2025-08-22 17:32:09,Go,Shoot,Yes,1960
2025-08-22 17:32:10,Go,No Shot,No,
2025-08-22 17:32:10,Go,Shoot,Yes,1800
2025-08-22 17:32:10,Go,No Shot,No,
2025-08-22 17:32:10,No-Go,No Shot,Yes,
2025-08-22 17:32:11,Go,No Shot,No,
2025-08-22 17:32:11,Go,Shoot,Yes,1794
2025-08-22 17:32:11,No-Go,No Shot,Yes,
2025-08-22 17:32:12,No-Go,No Shot,Yes,
2025-08-22 17:32:12,Go,Shoot,Yes,1500
2025-08-22 17:32:12,Go,No Shot,No,
2025-08-22 17:32:12,Go,Shoot,Yes,1754
2025-08-22 17:32:13,Go,No Shot,No,
2025-08-22 17:32:13,Go,No Shot,No,
2025-08-22 17:32:13,Go,Shoot,Yes,1590
2025-08-22 17:32:13,Go,No Shot,No,
2025-08-22 17:32:13,Go,No Shot,No,
2025-08-22 17:32:14,No-Go,No Shot,Yes,
2025-08-22 17:32:14,Go,Shoot,Yes,1547
2025-08-22 17:32:14,Go,No Shot,No,
2025-08-22 17:32:14,Go,Shoot,Yes,1526
2025-08-22 17:32:14,Go,No Shot,No,
2025-08-22 17:32:15,Go,No Shot,No,
2025-08-22 17:32:15,Go,No Shot,No,
2025-08-22 17:32:15,Go,No Shot,No,
2025-08-22 17:32:15,Go,No Shot,No,
2025-08-22 17:32:15,Go,Shoot,Yes,1768
2025-08-22 17:32:16,Go,No Shot,No,
2025-08-22 17:32:16,Go,No Shot,No,
2025-08-22 17:32:16,Go,No Shot,No,
2025-08-22 17:32:16,Go,Shoot,Yes,1166
2025-08-22 17:32:16,No-Go,No Shot,Yes,
2025-08-22 17:32:17,No-Go,No Shot,Yes,
2025-08-22 17:32:17,Go,Shoot,Yes,1285
2025-08-22 17:32:17,No-Go,No Shot,Yes,
2025-08-22 17:32:17,Go,No Shot,No,
2025-08-22 17:32:17,Go,Shoot,Yes,1073
2025-08-22 17:32:18,No-Go,No Shot,Yes,
2025-08-22 17:32:18,No-Go,No Shot,Yes,
2025-08-22 17:32:18,No-Go,No Shot,Yes,
2025-08-22 17:32:18,Go,Shoot,Yes,1413
2025-08-22 17:32:18,Go,No Shot,No,
2025-08-22 17:32:19,Go,No Shot,No,
2025-08-22 17:32:19,Go,No Shot,No,
2025-08-22 17:32:19,Go,Shoot,Yes,1435
2025-08-22 17:32:19,Go,No Shot,No,
2025-08-22 17:32:20,Go,No Shot,No,
2025-08-22 17:32:20,No-Go,No Shot,Yes,
2025-08-22 17:32:20,Go,No Shot,No,
2025-08-22 17:32:20,Go,No Shot,No,
2025-08-22 17:32:20,No-Go,No Shot,Yes,
2025-08-22 17:32:21,Go,No Shot,No,
2025-08-22 17:32:21,Go,Shoot,Yes,1483
2025-08-22 17:32:21,Go,No Shot,No,
2025-08-22 17:32:21,No-Go,No Shot,Yes,
2025-08-22 17:32:21,No-Go,No Shot,Yes,
2025-08-22 17:32:22,Go,Shoot,Yes,1283
2025-08-22 17:32:22,Go,No Shot,No,
2025-08-22 17:32:22,Go,No Shot,No,
2025-08-22 17:32:22,Go,Shoot,Yes,1183
2025-08-22 17:32:22,No-Go,No Shot,Yes,
2025-08-22 17:32:23,No-Go,No Shot,Yes,
2025-08-22 17:32:23,Go,No Shot,No,
2025-08-22 17:32:23,Go,Shoot,Yes,1099
2025-08-22 17:32:23,No-Go,No Shot,Yes,
2025-08-22 17:32:23,No-Go,No Shot,Yes,
2025-08-22 17:32:24,Go,No Shot,No,
2025-08-22 17:32:24,No-Go,No Shot,Yes,
2025-08-22 17:32:24,Go,No Shot,No,
2025-08-22 17:32:24,Go,No Shot,No,
2025-08-22 17:32:25,Go,No Shot,No,
2025-08-22 17:32:25,Go,No Shot,No,
2025-08-22 17:32:25,Go,No Shot,No,
2025-08-22 17:32:25,Go,No Shot,No,
2025-08-22 17:32:25,Go,No Shot,No,
2025-08-22 17:32:26,Go,No Shot,No,
2025-08-22 17:32:26,Go,Shoot,Yes,1607
2025-08-22 17:32:26,Go,No Shot,No,
2025-08-22 17:32:26,Go,No Shot,No,
2025-08-22 17:32:26,Go,No Shot,No,
2025-08-22 17:32:27,No-Go,No Shot,Yes,
2025-08-22 17:32:27,Go,Shoot,Yes,1657
2025-08-22 17:32:27,No-Go,No Shot,Yes,
2025-08-22 17:32:27,Go,No Shot,No,
2025-08-22 17:32:27,Go,No Shot,No,
2025-08-22 17:32:28,No-Go,No Shot,Yes,
2025-08-22 17:32:28,Go,No Shot,No,
2025-08-22 17:32:28,No-Go,No Shot,Yes,
2025-08-22 17:32:28,Go,No Shot,No,
2025-08-22 17:32:28,No-Go,No Shot,Yes,
2025-08-22 17:32:29,Go,No Shot,No,
2025-08-22 17:32:29,Go,No Shot,No,
2025-08-22 17:32:29,Go,No Shot,No,
2025-08-22 17:32:29,No-Go,No Shot,Yes,
2025-08-22 17:32:29,Go,Shoot,Yes,1544
2025-08-22 17:32:30,No-Go,No Shot,Yes,
2025-08-22 17:32:30,Go,No Shot,No,
2025-08-22 17:32:30,Go,Shoot,Yes,1494
2025-08-22 17:32:30,Go,No Shot,No,
2025-08-22 17:32:31,No-Go,No Shot,Yes,
2025-08-22 17:32:31,Go,Shoot,Yes,1523
2025-08-22 17:32:31,No-Go,No Shot,Yes,
2025-08-22 17:32:31,Go,No Shot,No,
2025-08-22 17:32:31,Go,No Shot,No,
2025-08-22 17:32:32,Go,No Shot,No,
2025-08-22 17:32:32,Go,No Shot,No,
2025-08-22 17:32:32,Go,Shoot,Yes,1691
2025-08-22 17:32:32,Go,Shoot,Yes,1653
2025-08-22 17:32:32,No-Go,No Shot,Yes,
2025-08-22 17:32:33,Go,No Shot,No,
2025-08-22 17:32:33,Go,No Shot,No,
2025-08-22 17:32:33,No-Go,No Shot,Yes,
2025-08-22 17:32:33,Go,No Shot,No,
2025-08-22 17:32:33,Go,No Shot,No,
2025-08-22 17:32:34,No-Go,No Shot,Yes,
2025-08-22 17:32:34,No-Go,No Shot,Yes,
2025-08-22 17:32:34,Go,No Shot,No,
2025-08-22 17:32:34,No-Go,No Shot,Yes,
2025-08-22 17:32:34,Go,No Shot,No,
2025-08-22 17:32:35,Go,No Shot,No,
2025-08-22 17:32:35,Go,No Shot,No,
2025-08-22 17:32:35,Go,No Shot,No,
2025-08-22 17:32:35,Go,No Shot,No,
2025-08-22 17:32:36,Go,No Shot,No,
2025-08-22 17:32:36,No-Go,No Shot,Yes,
2025-08-22 17:32:36,No-Go,No Shot,Yes,
2025-08-22 17:32:36,Go,No Shot,No,
2025-08-22 17:32:36,Go,No Shot,No,
2025-08-22 17:32:37,Go,No Shot,No,
2025-08-22 17:32:37,No-Go,No Shot,Yes,
2025-08-22 17:32:37,No-Go,No Shot,Yes,
2025-08-22 17:32:37,Go,No Shot,No,
2025-08-22 17:32:37,Go,No Shot,No,
2025-08-22 17:32:38,No-Go,No Shot,Yes,
2025-08-22 17:32:38,No-Go,No Shot,Yes,
2025-08-22 17:32:38,Go,No Shot,No,
2025-08-22 17:32:38,No-Go,No Shot,Yes,
2025-08-22 17:32:38,Go,No Shot,No,
2025-08-22 17:32:39,Go,No Shot,No,
2025-08-22 17:32:39,Go,No Shot,No,
2025-08-22 17:32:39,Go,No Shot,No,
2025-08-22 17:32:39,Go,No Shot,No,
2025-08-22 17:32:39,No-Go,No Shot,Yes,
2025-08-22 17:32:40,Go,No Shot,No,
2025-08-22 17:32:40,Go,No Shot,No,
2025-08-22 17:32:40,Go,No Shot,No,
2025-08-22 17:32:40,Go,No Shot,No,
2025-08-22 17:32:40,No-Go,No Shot,Yes,
2025-08-22 17:32:41,Go,No Shot,No,
2025-08-22 17:32:41,Go,Shoot,Yes,715
2025-08-22 17:32:41,Go,No Shot,No,
2025-08-22 17:32:41,Go,No Shot,No,
2025-08-22 17:32:41,Go,No Shot,No,
2025-08-22 17:32:41,Go,No Shot,No,
2025-08-22 17:32:42,Go,No Shot,No,
2025-08-22 17:32:42,Go,No Shot,No,
2025-08-22 17:33:19,Go,Shoot,Yes,1684
2025-08-22 17:33:20,Go,Shoot,Yes,813
2025-08-22 17:33:21,No-Go,No Shot,Yes,
2025-08-22 17:33:22,Go,Shoot,Yes,864
2025-08-22 17:33:23,No-Go,No Shot,Yes,
2025-08-22 17:33:23,Go,Shoot,Yes,880
2025-08-22 17:33:24,Go,Shoot,Yes,1129
2025-08-22 17:33:24,No-Go,No Shot,Yes,
2025-08-22 17:33:27,Go,Shoot,Yes,2252
2025-08-22 17:33:27,No-Go,No Shot,Yes,
2025-08-22 17:33:28,Go,Shoot,Yes,2518
2025-08-22 17:33:29,Go,Shoot,Yes,1786
2025-08-22 17:33:29,No-Go,No Shot,Yes,
2025-08-22 17:33:29,Go,Shoot,Yes,1823
2025-08-22 17:33:31,Go,Shoot,Yes,2518
2025-08-22 17:33:31,Go,Shoot,Yes,1793
2025-08-22 17:33:32,No-Go,No Shot,Yes,
2025-08-22 17:33:32,Go,Shoot,Yes,1678
2025-08-22 17:33:32,Go,Shoot,Yes,1576
2025-08-22 17:33:33,Go,Shoot,Yes,1043
2025-08-22 17:33:34,Go,Shoot,Yes,882
2025-08-22 17:33:34,No-Go,No Shot,Yes,
2025-08-22 17:33:35,No-Go,No Shot,Yes,
2025-08-22 17:33:36,Go,Shoot,Yes,1808
2025-08-22 17:33:37,Go,Shoot,Yes,1781
2025-08-22 17:33:37,No-Go,No Shot,Yes,
2025-08-22 17:33:37,Go,Shoot,Yes,1796
2025-08-22 17:33:38,Go,No Shot,No,
2025-08-22 17:33:38,Go,Shoot,Yes,1794
2025-08-22 17:33:39,No-Go,No Shot,Yes,
2025-08-22 17:33:39,No-Go,No Shot,Yes,
2025-08-22 17:33:40,Go,Shoot,Yes,1692
2025-08-22 17:33:40,Go,No Shot,No,
2025-08-22 17:33:40,Go,No Shot,No,
2025-08-22 17:33:41,No-Go,No Shot,Yes,
2025-08-22 17:33:41,Go,Shoot,Yes,1681
2025-08-22 17:33:41,Go,No Shot,No,
2025-08-22 17:33:42,Go,No Shot,No,
2025-08-22 17:33:42,Go,Shoot,Yes,1396
2025-08-22 17:33:42,No-Go,No Shot,Yes,
2025-08-22 17:33:43,No-Go,No Shot,Yes,
2025-08-22 17:33:43,Go,No Shot,No,
2025-08-22 17:33:43,No-Go,No Shot,Yes,
2025-08-22 17:33:44,No-Go,No Shot,Yes,
2025-08-22 17:33:44,Go,No Shot,No,
2025-08-22 17:33:44,No-Go,No Shot,Yes,
2025-08-22 17:33:44,Go,No Shot,No,
2025-08-22 17:33:45,No-Go,No Shot,Yes,
2025-08-22 17:33:45,Go,No Shot,No,
2025-08-22 17:33:45,Go,No Shot,No,
2025-08-22 17:33:45,Go,No Shot,No,
2025-08-22 17:33:46,No-Go,No Shot,Yes,
2025-08-22 17:33:46,Go,No Shot,No,
2025-08-22 17:33:46,Go,No Shot,No,
2025-08-22 17:33:46,No-Go,No Shot,Yes,
2025-08-22 17:33:47,Go,No Shot,No,
2025-08-22 17:33:47,Go,No Shot,No,
2025-08-22 17:33:47,Go,No Shot,No,
2025-08-22 17:33:47,Go,No Shot,No,
2025-08-22 17:33:47,No-Go,No Shot,Yes,
2025-08-22 17:33:48,Go,No Shot,No,
2025-08-22 17:33:48,Go,No Shot,No,
2025-08-22 17:33:48,Go,No Shot,No,
2025-08-22 17:33:48,Go,No Shot,No,
2025-08-22 17:33:49,No-Go,No Shot,Yes,
2025-08-22 17:33:49,Go,No Shot,No,
2025-08-22 17:33:49,Go,No Shot,No,
2025-08-22 17:33:49,Go,No Shot,No,
2025-08-22 17:33:49,Go,No Shot,No,
2025-08-22 17:33:50,Go,No Shot,No,
2025-08-22 17:33:50,No-Go,No Shot,Yes,
2025-08-22 17:33:50,Go,No Shot,No,
2025-08-22 17:33:50,Go,No Shot,No,
2025-08-22 17:33:50,Go,No Shot,No,
2025-08-22 17:33:51,Go,No Shot,No,
2025-08-22 17:33:51,Go,No Shot,No,
2025-08-22 17:33:51,Go,No Shot,No,
2025-08-22 17:33:51,No-Go,No Shot,Yes,
2025-08-22 17:33:51,Go,No Shot,No,
2025-08-22 17:33:52,Go,No Shot,No,
2025-08-22 17:33:52,Go,No Shot,No,
2025-08-22 17:33:52,No-Go,No Shot,Yes,
2025-08-22 17:33:52,Go,No Shot,No,
2025-08-22 17:33:52,Go,No Shot,No,
2025-08-22 17:33:53,No-Go,No Shot,Yes,
2025-08-22 17:33:53,Go,No Shot,No,
2025-08-22 17:33:53,No-Go,No Shot,Yes,
2025-08-22 17:33:53,Go,No Shot,No,
2025-08-22 17:33:54,Go,No Shot,No,
2025-08-22 17:33:54,No-Go,No Shot,Yes,
2025-08-22 17:33:54,No-Go,No Shot,Yes,
2025-08-22 17:33:54,Go,No Shot,No,
2025-08-22 17:33:54,No-Go,No Shot,Yes,
2025-08-22 17:33:55,Go,No Shot,No,
2025-08-22 17:33:55,Go,No Shot,No,
2025-08-22 17:33:55,Go,No Shot,No,
2025-08-22 17:33:55,Go,No Shot,No,
2025-08-22 17:33:55,No-Go,No Shot,Yes,
2025-08-22 17:33:56,Go,No Shot,No,
2025-08-22 17:33:56,Go,No Shot,No,
2025-08-22 17:33:56,Go,No Shot,No,
2025-08-22 17:33:56,Go,No Shot,No,
2025-08-22 17:33:56,Go,No Shot,No,
2025-08-22 17:33:57,Go,No Shot,No,
2025-08-22 17:33:57,Go,No Shot,No,
2025-08-22 17:33:57,Go,No Shot,No,
2025-08-22 17:33:57,Go,No Shot,No,
2025-08-22 17:33:57,Go,No Shot,No,
2025-08-22 17:33:58,No-Go,No Shot,Yes,
2025-08-22 17:33:58,No-Go,No Shot,Yes,
2025-08-22 17:33:58,No-Go,No Shot,Yes,
2025-08-22 17:33:58,No-Go,No Shot,Yes,
2025-08-22 17:33:59,Go,No Shot,No,
2025-08-22 17:33:59,Go,No Shot,No,
2025-08-22 17:33:59,Go,No Shot,No,
2025-08-22 17:33:59,No-Go,No Shot,Yes,
2025-08-22 17:33:59,Go,No Shot,No,
2025-08-22 17:34:00,Go,No Shot,No,
2025-08-22 17:34:00,Go,No Shot,No,
2025-08-22 17:34:00,No-Go,No Shot,Yes,
2025-08-22 17:34:00,No-Go,No Shot,Yes,
2025-08-22 17:34:00,Go,No Shot,No,
2025-08-22 17:34:01,Go,No Shot,No,
2025-08-22 17:34:01,No-Go,No Shot,Yes,
2025-08-22 17:34:01,No-Go,No Shot,Yes,
2025-08-22 17:34:01,Go,No Shot,No,
2025-08-22 17:34:01,Go,No Shot,No,
2025-08-22 17:34:02,No-Go,No Shot,Yes,
2025-08-22 17:34:02,Go,No Shot,No,
2025-08-22 17:34:02,Go,No Shot,No,
2025-08-22 17:34:02,Go,No Shot,No,
2025-08-22 17:34:02,Go,No Shot,No,
2025-08-22 17:34:03,Go,No Shot,No,
2025-08-22 17:34:03,No-Go,No Shot,Yes,
2025-08-22 17:34:03,Go,No Shot,No,
2025-08-22 17:34:03,Go,No Shot,No,
2025-08-22 17:34:03,Go,No Shot,No,
2025-08-22 17:34:04,Go,No Shot,No,
2025-08-22 17:34:04,No-Go,No Shot,Yes,
2025-08-22 17:34:04,Go,No Shot,No,
2025-08-22 17:34:04,Go,No Shot,No,
2025-08-22 17:34:05,Go,No Shot,No,
2025-08-22 17:34:05,Go,No Shot,No,
2025-08-22 17:34:05,Go,No Shot,No,
2025-08-22 17:34:05,Go,No Shot,No,
2025-08-22 17:34:05,Go,No Shot,No,
2025-08-22 17:34:06,No-Go,No Shot,Yes,
2025-08-22 17:34:06,Go,No Shot,No,
2025-08-22 17:34:06,Go,No Shot,No,
2025-08-22 17:34:06,No-Go,No Shot,Yes,
2025-08-22 17:34:06,Go,No Shot,No,
2025-08-22 17:34:07,Go,No Shot,No,
2025-08-22 17:34:07,Go,No Shot,No,
2025-08-22 17:34:07,Go,No Shot,No,
2025-08-22 17:34:07,Go,No Shot,No,
2025-08-22 17:34:07,Go,No Shot,No,
2025-08-22 17:34:08,Go,No Shot,No,
2025-08-22 17:34:08,Go,No Shot,No,
2025-08-22 17:34:08,Go,No Shot,No,
2025-08-22 17:34:08,Go,No Shot,No,
2025-08-22 17:34:09,No-Go,No Shot,Yes,
2025-08-22 17:34:09,Go,No Shot,No,
2025-08-22 17:34:09,Go,No Shot,No,
2025-08-22 17:34:09,No-Go,No Shot,Yes,
2025-08-22 17:34:09,No-Go,No Shot,Yes,
2025-08-22 17:34:10,Go,No Shot,No,
2025-08-22 17:34:10,Go,No Shot,No,
2025-08-22 17:34:10,No-Go,No Shot,Yes,
2025-08-22 17:34:10,Go,No Shot,No,
2025-08-22 17:34:10,Go,No Shot,No,
2025-08-22 17:34:11,No-Go,No Shot,Yes,
2025-08-22 17:34:11,Go,No Shot,No,
2025-08-22 17:34:11,Go,No Shot,No,
2025-08-22 17:34:11,Go,No Shot,No,
2025-08-22 17:34:11,Go,No Shot,No,
2025-08-22 17:34:12,Go,No Shot,No,
2025-08-22 17:34:12,Go,No Shot,No,
2025-08-22 17:34:12,Go,No Shot,No,
2025-08-22 17:34:12,Go,No Shot,No,
2025-08-22 17:34:12,Go,No Shot,No,
2025-08-22 17:34:13,No-Go,No Shot,Yes,
2025-08-22 17:34:13,No-Go,No Shot,Yes,
2025-08-22 17:34:13,Go,No Shot,No,
2025-08-22 17:34:13,No-Go,No Shot,Yes,
2025-08-22 17:34:13,Go,No Shot,No,
2025-08-22 17:34:14,Go,No Shot,No,
2025-08-22 17:34:14,No-Go,No Shot,Yes,
2025-08-22 17:34:14,No-Go,No Shot,Yes,
2025-08-22 17:34:14,No-Go,No Shot,Yes,
2025-08-22 17:34:14,Go,No Shot,No,
2025-08-22 17:34:15,No-Go,No Shot,Yes,
2025-08-22 17:34:15,Go,No Shot,No,
2025-08-22 17:34:15,Go,No Shot,No,
2025-08-22 17:34:15,No-Go,No Shot,Yes,
2025-08-22 17:34:15,No-Go,No Shot,Yes,
2025-08-22 17:34:16,Go,No Shot,No,
2025-08-22 17:34:16,Go,No Shot,No,
2025-08-22 17:34:16,Go,No Shot,No,
2025-08-22 17:37:05,Go,Shoot,Yes,3923
2025-08-22 17:37:06,Go,Shoot,Yes,3611
2025-08-22 17:37:06,Go,Shoot,Yes,3267
2025-08-22 17:37:07,Go,Shoot,Yes,1983
2025-08-22 17:37:08,Go,Shoot,Yes,1010
2025-08-22 17:37:08,No-Go,No Shot,Yes,
2025-08-22 17:37:08,Go,Shoot,Yes,763
2025-08-22 17:37:10,Go,Shoot,Yes,964
2025-08-22 17:37:10,No-Go,No Shot,Yes,
2025-08-22 17:37:11,Go,Shoot,Yes,1601
2025-08-22 17:37:12,Go,Shoot,Yes,1402
2025-08-22 17:37:12,Go,Shoot,Yes,1502
2025-08-22 17:37:14,Go,Shoot,Yes,978
2025-08-22 17:37:15,No-Go,No Shot,Yes,
2025-08-22 17:37:15,No-Go,No Shot,Yes,
2025-08-22 17:37:16,Go,Shoot,Yes,1761
2025-08-22 17:37:16,Go,Shoot,Yes,1763
2025-08-22 17:37:17,Go,Shoot,Yes,1449
2025-08-22 17:37:18,Go,No Shot,No,
2025-08-22 17:37:19,Go,No Shot,No,
2025-08-22 17:37:20,Go,Shoot,Yes,2067
2025-08-22 17:37:20,Go,No Shot,No,
2025-08-22 17:37:20,Go,Shoot,Yes,1575
2025-08-22 17:37:21,Go,Shoot,Yes,1365
2025-08-22 17:37:21,No-Go,No Shot,Yes,
2025-08-22 17:37:21,Go,Shoot,Yes,1396
2025-08-22 17:37:21,Go,Shoot,Yes,1164
2025-08-22 17:37:23,No-Go,No Shot,Yes,
2025-08-22 17:37:23,Go,No Shot,No,
2025-08-22 17:37:24,Go,Shoot,Yes,1790
2025-08-22 17:37:24,Go,No Shot,No,
2025-08-22 17:37:24,Go,Shoot,Yes,1646
2025-08-22 17:37:25,Go,No Shot,No,
2025-08-22 17:37:25,No-Go,No Shot,Yes,
2025-08-22 17:37:26,Go,Shoot,Yes,1694
2025-08-22 17:37:26,Go,No Shot,No,
2025-08-22 17:37:26,No-Go,No Shot,Yes,
2025-08-22 17:37:27,Go,No Shot,No,
2025-08-22 17:37:27,Go,Shoot,Yes,1675
2025-08-22 17:37:27,Go,Shoot,Yes,1609
2025-08-22 17:37:28,Go,Shoot,Yes,1452
2025-08-22 17:37:28,No-Go,No Shot,Yes,
2025-08-22 17:37:28,Go,No Shot,No,
2025-08-22 17:37:28,Go,No Shot,No,
2025-08-22 17:37:29,Go,No Shot,No,
2025-08-22 17:37:29,No-Go,No Shot,Yes,
2025-08-22 17:37:29,Go,No Shot,No,
2025-08-22 17:37:29,Go,No Shot,No,
2025-08-22 17:37:30,Go,No Shot,No,
2025-08-22 17:37:30,Go,No Shot,No,
2025-08-22 17:37:30,Go,No Shot,No,
2025-08-22 17:37:30,No-Go,No Shot,Yes,
2025-08-22 17:37:31,Go,No Shot,No,
2025-08-22 17:37:31,Go,No Shot,No,
2025-08-22 17:37:31,Go,No Shot,No,
2025-08-22 17:37:31,Go,No Shot,No,
2025-08-22 17:37:32,Go,No Shot,No,
2025-08-22 17:37:32,No-Go,No Shot,Yes,
2025-08-22 17:37:32,Go,No Shot,No,
2025-08-22 17:37:32,Go,No Shot,No,
2025-08-22 17:37:33,Go,No Shot,No,
2025-08-22 17:37:33,Go,No Shot,No,
2025-08-22 17:37:33,No-Go,No Shot,Yes,
2025-08-22 17:37:33,Go,No Shot,No,
2025-08-22 17:37:33,Go,No Shot,No,
2025-08-22 17:37:34,No-Go,No Shot,Yes,
2025-08-22 17:37:34,Go,No Shot,No,
2025-08-22 17:37:34,Go,No Shot,No,
2025-08-22 17:37:34,Go,No Shot,No,
2025-08-22 17:37:34,No-Go,No Shot,Yes,
2025-08-22 17:37:35,No-Go,No Shot,Yes,
2025-08-22 17:37:35,Go,No Shot,No,
2025-08-22 17:37:35,No-Go,No Shot,Yes,
2025-08-22 17:37:35,No-Go,No Shot,Yes,
2025-08-22 17:37:35,Go,No Shot,No,
2025-08-22 17:37:36,Go,No Shot,No,
2025-08-22 17:37:36,Go,No Shot,No,
2025-08-22 17:37:36,Go,No Shot,No,
2025-08-22 17:37:36,Go,No Shot,No,
2025-08-22 17:37:36,Go,No Shot,No,
2025-08-22 17:37:37,No-Go,No Shot,Yes,
2025-08-22 17:37:37,Go,No Shot,No,
2025-08-22 17:37:37,No-Go,No Shot,Yes,
2025-08-22 17:37:37,No-Go,No Shot,Yes,
2025-08-22 17:37:37,Go,No Shot,No,
2025-08-22 17:37:38,No-Go,No Shot,Yes,
2025-08-22 17:37:38,Go,No Shot,No,
2025-08-22 17:37:38,Go,No Shot,No,
2025-08-22 17:37:38,Go,No Shot,No,
2025-08-22 17:37:38,Go,No Shot,No,
2025-08-22 17:37:39,Go,No Shot,No,
2025-08-22 17:37:39,Go,No Shot,No,
2025-08-22 17:37:39,Go,No Shot,No,
2025-08-22 17:37:39,No-Go,No Shot,Yes,
2025-08-22 17:37:40,No-Go,No Shot,Yes,
2025-08-22 17:37:40,Go,No Shot,No,
2025-08-22 17:37:40,Go,No Shot,No,
2025-08-22 17:37:40,No-Go,No Shot,Yes,
2025-08-22 17:37:40,Go,No Shot,No,
2025-08-22 17:37:41,Go,No Shot,No,
2025-08-22 17:37:41,No-Go,No Shot,Yes,
2025-08-22 17:37:41,Go,No Shot,No,
2025-08-22 17:37:41,Go,No Shot,No,
2025-08-22 17:37:41,No-Go,No Shot,Yes,
2025-08-22 17:37:42,Go,No Shot,No,
2025-08-22 17:37:42,Go,No Shot,No,
2025-08-22 17:37:42,Go,No Shot,No,
2025-08-22 17:37:42,No-Go,No Shot,Yes,
2025-08-22 17:37:43,Go,No Shot,No,
2025-08-22 17:37:43,Go,No Shot,No,
2025-08-22 17:37:43,Go,No Shot,No,
2025-08-22 17:37:43,No-Go,No Shot,Yes,
2025-08-22 17:37:43,Go,No Shot,No,
2025-08-22 17:37:44,No-Go,No Shot,Yes,
2025-08-22 17:37:44,Go,No Shot,No,
2025-08-22 17:37:44,Go,No Shot,No,
2025-08-22 17:37:44,Go,No Shot,No,
2025-08-22 17:37:44,Go,No Shot,No,
2025-08-22 17:37:45,No-Go,No Shot,Yes,
2025-08-22 17:37:45,No-Go,No Shot,Yes,
2025-08-22 17:37:45,Go,No Shot,No,
2025-08-22 17:37:45,Go,No Shot,No,
2025-08-22 17:37:45,No-Go,No Shot,Yes,
2025-08-22 17:37:46,Go,No Shot,No,
2025-08-22 17:37:46,Go,No Shot,No,
2025-08-22 17:37:46,No-Go,No Shot,Yes,
2025-08-22 17:37:46,Go,No Shot,No,
2025-08-22 17:37:46,Go,No Shot,No,
2025-08-22 17:37:47,Go,No Shot,No,
2025-08-22 17:37:47,Go,No Shot,No,
2025-08-22 17:37:47,Go,No Shot,No,
2025-08-22 17:37:47,No-Go,No Shot,Yes,
2025-08-22 17:37:47,Go,No Shot,No,
2025-08-22 17:37:48,Go,No Shot,No,
2025-08-22 17:37:48,Go,No Shot,No,
2025-08-22 17:37:48,Go,No Shot,No,
2025-08-22 17:37:48,Go,No Shot,No,
2025-08-22 17:37:48,Go,No Shot,No,
2025-08-22 17:37:49,Go,No Shot,No,
2025-08-22 17:37:49,Go,No Shot,No,
2025-08-22 17:37:49,No-Go,No Shot,Yes,
2025-08-22 17:37:49,No-Go,No Shot,Yes,
2025-08-22 17:37:49,Go,No Shot,No,
2025-08-22 17:37:50,Go,No Shot,No,
2025-08-22 17:37:50,No-Go,No Shot,Yes,
2025-08-22 17:37:50,Go,No Shot,No,
2025-08-22 17:37:50,Go,No Shot,No,
2025-08-22 17:37:51,Go,No Shot,No,
2025-08-22 17:37:51,Go,No Shot,No,
2025-08-22 17:37:51,No-Go,No Shot,Yes,
2025-08-22 17:37:51,Go,No Shot,No,
2025-08-22 17:37:51,Go,No Shot,No,
2025-08-22 17:37:52,Go,No Shot,No,
2025-08-22 17:37:52,No-Go,No Shot,Yes,
2025-08-22 17:37:52,No-Go,No Shot,Yes,
2025-08-22 17:37:52,Go,No Shot,No,
2025-08-22 17:37:52,No-Go,No Shot,Yes,
2025-08-22 17:37:53,Go,No Shot,No,
2025-08-22 17:37:53,Go,No Shot,No,
2025-08-22 17:37:53,Go,No Shot,No,
2025-08-22 17:37:53,No-Go,No Shot,Yes,
2025-08-22 17:37:53,Go,No Shot,No,
2025-08-22 17:37:54,No-Go,No Shot,Yes,
2025-08-22 17:37:54,Go,No Shot,No,
2025-08-22 17:37:54,No-Go,No Shot,Yes,
2025-08-22 17:38:01,Go,Shoot,Yes,1560
2025-08-22 17:38:02,Go,Shoot,Yes,1496
2025-08-22 17:38:02,Go,Shoot,Yes,1117
2025-08-22 17:38:03,Go,Shoot,Yes,998
2025-08-22 17:38:04,Go,Shoot,Yes,915
2025-08-22 17:38:05,Go,Shoot,Yes,617
2025-08-22 17:38:06,Go,Shoot,Yes,980
2025-08-22 17:38:07,Go,Shoot,Yes,905
2025-08-22 17:38:08,Go,Shoot,Yes,669
2025-08-22 17:38:09,Go,Shoot,Yes,801
2025-08-22 17:38:10,Go,Shoot,Yes,1324
2025-08-22 17:38:10,Go,Shoot,Yes,971
2025-08-22 17:38:13,Go,No Shot,No,
2025-08-22 17:38:13,Go,Shoot,Yes,1930
2025-08-22 17:38:14,Go,Shoot,Yes,1728
2025-08-22 17:38:14,No-Go,No Shot,Yes,
2025-08-22 17:38:14,Go,Shoot,Yes,1530
2025-08-22 17:38:16,No-Go,No Shot,Yes,
2025-08-22 17:38:16,Go,Shoot,Yes,1498
2025-08-22 17:38:17,No-Go,No Shot,Yes,
2025-08-22 17:38:18,Go,Shoot,Yes,2255
2025-08-22 17:38:19,No-Go,No Shot,Yes,
2025-08-22 17:38:19,Go,Shoot,Yes,1858
2025-08-22 17:38:19,Go,No Shot,No,
2025-08-22 17:38:20,Go,Shoot,Yes,1117
2025-08-22 17:38:20,No-Go,No Shot,Yes,
2025-08-22 17:38:20,Go,Shoot,Yes,1033
2025-08-22 17:38:21,No-Go,No Shot,Yes,
2025-08-22 17:38:21,Go,Shoot,Yes,1282
2025-08-22 17:38:21,Go,Shoot,Yes,1213
2025-08-22 17:38:23,Go,No Shot,No,
2025-08-22 17:38:23,Go,No Shot,No,
2025-08-22 17:38:23,Go,Shoot,Yes,1930
2025-08-22 17:38:24,No-Go,No Shot,Yes,
2025-08-22 17:38:24,Go,Shoot,Yes,1350
2025-08-22 17:38:24,No-Go,No Shot,Yes,
2025-08-22 17:38:25,No-Go,No Shot,Yes,
2025-08-22 17:38:25,Go,Shoot,Yes,1197
2025-08-22 17:38:26,Go,No Shot,No,
2025-08-22 17:38:26,Go,Shoot,Yes,1300
2025-08-22 17:38:26,Go,Shoot,Yes,1597
2025-08-22 17:38:27,No-Go,No Shot,Yes,
2025-08-22 17:38:27,Go,No Shot,No,
2025-08-22 17:38:27,No-Go,No Shot,Yes,
2025-08-22 17:38:27,Go,Shoot,Yes,1635
2025-08-22 17:38:28,Go,No Shot,No,
2025-08-22 17:38:28,Go,No Shot,No,
2025-08-22 17:38:28,Go,No Shot,No,
2025-08-22 17:38:29,Go,No Shot,No,
2025-08-22 17:38:29,Go,Shoot,Yes,1639
2025-08-22 17:38:29,No-Go,No Shot,Yes,
2025-08-22 17:38:29,Go,No Shot,No,
2025-08-22 17:38:30,Go,No Shot,No,
2025-08-22 17:38:30,Go,Shoot,Yes,1624
2025-08-22 17:38:30,Go,No Shot,No,
2025-08-22 17:38:30,Go,No Shot,No,
2025-08-22 17:38:31,No-Go,No Shot,Yes,
2025-08-22 17:38:31,No-Go,No Shot,Yes,
2025-08-22 17:38:31,Go,No Shot,No,
2025-08-22 17:38:31,Go,Shoot,Yes,1128
2025-08-22 17:38:31,No-Go,No Shot,Yes,
2025-08-22 17:38:31,No-Go,No Shot,Yes,
2025-08-22 17:38:32,No-Go,No Shot,Yes,
2025-08-22 17:38:32,Go,Shoot,Yes,1276
2025-08-22 17:38:32,Go,No Shot,No,
2025-08-22 17:38:32,Go,Shoot,Yes,1130
2025-08-22 17:38:32,No-Go,No Shot,Yes,
2025-08-22 17:38:33,No-Go,No Shot,Yes,
2025-08-22 17:38:33,Go,No Shot,No,
2025-08-22 17:38:33,No-Go,No Shot,Yes,
2025-08-22 17:38:33,Go,No Shot,No,
2025-08-22 17:38:34,Go,No Shot,No,
2025-08-22 17:38:34,No-Go,No Shot,Yes,
2025-08-22 17:38:34,Go,Shoot,Yes,1461
2025-08-22 17:38:34,Go,No Shot,No,
2025-08-22 17:38:34,Go,Shoot,Yes,1446
2025-08-22 17:38:34,Go,No Shot,No,
2025-08-22 17:38:35,Go,Shoot,Yes,1484
2025-08-22 17:38:35,No-Go,No Shot,Yes,
2025-08-22 17:38:35,Go,Shoot,Yes,1323
2025-08-22 17:38:35,No-Go,No Shot,Yes,
2025-08-22 17:38:35,No-Go,No Shot,Yes,
2025-08-22 17:38:36,No-Go,No Shot,Yes,
2025-08-22 17:38:36,Go,Shoot,Yes,1635
2025-08-22 17:38:36,Go,No Shot,No,
2025-08-22 17:38:36,Go,Shoot,Yes,1399
2025-08-22 17:38:37,Go,No Shot,No,
2025-08-22 17:38:37,Go,Shoot,Yes,1415
2025-08-22 17:38:37,No-Go,No Shot,Yes,
2025-08-22 17:38:37,Go,Shoot,Yes,1681
2025-08-22 17:38:38,Go,No Shot,No,
2025-08-22 17:38:38,Go,No Shot,No,
2025-08-22 17:38:38,No-Go,No Shot,Yes,
2025-08-22 17:38:38,No-Go,No Shot,Yes,
2025-08-22 17:38:38,Go,Shoot,Yes,1645
2025-08-22 17:38:39,Go,No Shot,No,
2025-08-22 17:38:39,Go,No Shot,No,
2025-08-22 17:38:39,Go,No Shot,No,
2025-08-22 17:38:39,Go,Shoot,Yes,1780
2025-08-22 17:38:39,Go,No Shot,No,
2025-08-22 17:38:40,Go,No Shot,No,
2025-08-22 17:38:40,Go,No Shot,No,
2025-08-22 17:38:40,Go,No Shot,No,
2025-08-22 17:38:40,Go,No Shot,No,
2025-08-22 17:38:40,Go,No Shot,No,
2025-08-22 17:38:41,Go,No Shot,No,
2025-08-22 17:38:41,Go,No Shot,No,
2025-08-22 17:38:41,Go,No Shot,No,
2025-08-22 17:38:41,No-Go,No Shot,Yes,
2025-08-22 17:38:41,No-Go,No Shot,Yes,
2025-08-22 17:38:42,Go,No Shot,No,
2025-08-22 17:38:42,Go,No Shot,No,
2025-08-22 17:38:42,No-Go,No Shot,Yes,
2025-08-22 17:38:42,Go,No Shot,No,
2025-08-22 17:38:43,No-Go,No Shot,Yes,
2025-08-22 17:38:43,Go,No Shot,No,
2025-08-22 17:38:43,Go,No Shot,No,
2025-08-22 17:38:43,No-Go,No Shot,Yes,
2025-08-22 17:38:43,Go,No Shot,No,
2025-08-22 17:38:44,Go,No Shot,No,
2025-08-22 17:38:44,Go,No Shot,No,
2025-08-22 17:38:44,Go,No Shot,No,
2025-08-22 17:38:44,Go,No Shot,No,
2025-08-22 17:38:44,Go,No Shot,No,
2025-08-22 17:38:45,Go,No Shot,No,
2025-08-22 17:38:45,No-Go,No Shot,Yes,
2025-08-22 17:38:45,Go,No Shot,No,
2025-08-22 17:38:45,Go,No Shot,No,
2025-08-22 17:38:45,Go,No Shot,No,
2025-08-22 17:38:46,No-Go,No Shot,Yes,
2025-08-22 17:38:46,Go,No Shot,No,
2025-08-22 17:38:46,No-Go,No Shot,Yes,
2025-08-22 17:38:46,No-Go,No Shot,Yes,
2025-08-22 17:38:46,Go,No Shot,No,
2025-08-22 17:38:47,No-Go,No Shot,Yes,
2025-08-22 17:38:47,Go,No Shot,No,
2025-08-22 17:38:47,Go,No Shot,No,
2025-08-22 17:38:47,Go,No Shot,No,
2025-08-22 17:38:47,Go,No Shot,No,
2025-08-22 17:38:48,No-Go,No Shot,Yes,
2025-08-22 17:38:48,Go,No Shot,No,
2025-08-22 17:38:48,Go,No Shot,No,
2025-08-22 17:38:48,Go,No Shot,No,
2025-08-22 17:38:55,Go,Shoot,Yes,1552
2025-08-22 17:39:08,Go,No Shot,No,
2025-08-22 17:39:09,Go,No Shot,No,
2025-08-22 17:39:09,Go,Shoot,Yes,3108
2025-08-22 17:39:09,Go,Shoot,Yes,2641
2025-08-22 17:39:09,No-Go,No Shot,Yes,
2025-08-22 17:39:10,Go,Shoot,Yes,1111
2025-08-22 17:39:12,No-Go,No Shot,Yes,
2025-08-22 17:39:12,Go,Shoot,Yes,1415
2025-08-22 17:39:12,No-Go,No Shot,Yes,
2025-08-22 17:39:14,Go,Shoot,Yes,1801
2025-08-22 17:39:14,No-Go,No Shot,Yes,
2025-08-22 17:39:14,Go,Shoot,Yes,1475
2025-08-22 17:39:16,Go,Shoot,Yes,2622
2025-08-22 17:39:17,Go,No Shot,No,
2025-08-22 17:39:18,Go,Shoot,Yes,2767
2025-08-22 17:39:18,No-Go,No Shot,Yes,
2025-08-22 17:39:19,Go,No Shot,No,
2025-08-22 17:39:19,Go,Shoot,Yes,1480
2025-08-22 17:39:20,No-Go,No Shot,Yes,
2025-08-22 17:39:20,Go,Shoot,Yes,1547
2025-08-22 17:39:20,Go,Shoot,Yes,1544
2025-08-22 17:39:21,Go,Shoot,Yes,1631
2025-08-22 17:39:21,Go,Shoot,Yes,1534
2025-08-22 17:39:22,Go,Shoot,Yes,1553
2025-08-22 17:39:23,Go,Shoot,Yes,1251
2025-08-22 17:39:23,Go,No Shot,No,
2025-08-22 17:39:24,No-Go,No Shot,Yes,
2025-08-22 17:39:25,Go,No Shot,No,
2025-08-22 17:39:25,No-Go,No Shot,Yes,
2025-08-22 17:39:26,No-Go,No Shot,Yes,
2025-08-22 17:39:26,No-Go,No Shot,Yes,
2025-08-22 17:39:27,Go,No Shot,No,
2025-08-22 17:39:27,No-Go,No Shot,Yes,
2025-08-22 17:39:27,Go,No Shot,No,
2025-08-22 17:39:28,Go,No Shot,No,
2025-08-22 17:39:28,No-Go,No Shot,Yes,
2025-08-22 17:39:28,No-Go,No Shot,Yes,
2025-08-22 17:39:29,Go,No Shot,No,
2025-08-22 17:39:29,No-Go,No Shot,Yes,
2025-08-22 17:39:30,Go,No Shot,No,
2025-08-22 17:39:30,Go,No Shot,No,
2025-08-22 17:39:30,Go,Shoot,Yes,1154
2025-08-22 17:39:30,No-Go,No Shot,Yes,
2025-08-22 17:39:30,No-Go,No Shot,Yes,
2025-08-22 17:39:31,No-Go,No Shot,Yes,
2025-08-22 17:39:31,Go,No Shot,No,
2025-08-22 17:39:31,Go,No Shot,No,
2025-08-22 17:39:32,Go,No Shot,No,
2025-08-22 17:39:32,Go,No Shot,No,
2025-08-22 17:39:32,No-Go,No Shot,Yes,
2025-08-22 17:39:32,Go,No Shot,No,
2025-08-22 17:39:33,No-Go,No Shot,Yes,
2025-08-22 17:39:33,Go,No Shot,No,
2025-08-22 17:39:33,Go,No Shot,No,
2025-08-22 17:39:33,No-Go,No Shot,Yes,
2025-08-22 17:39:34,Go,No Shot,No,
2025-08-22 17:39:34,No-Go,No Shot,Yes,
2025-08-22 17:39:34,No-Go,No Shot,Yes,
2025-08-22 17:39:34,Go,No Shot,No,
2025-08-22 17:39:34,Go,No Shot,No,
2025-08-22 17:39:35,No-Go,No Shot,Yes,
2025-08-22 17:39:35,Go,No Shot,No,
2025-08-22 17:39:35,No-Go,No Shot,Yes,
2025-08-22 17:39:35,Go,No Shot,No,
2025-08-22 17:39:35,Go,Shoot,Yes,1381
2025-08-22 17:39:36,Go,No Shot,No,
2025-08-22 17:39:36,No-Go,No Shot,Yes,
2025-08-22 17:39:36,Go,No Shot,No,
2025-08-22 17:39:36,No-Go,No Shot,Yes,
2025-08-22 17:39:37,Go,No Shot,No,
2025-08-22 17:39:37,Go,No Shot,No,
2025-08-22 17:39:37,Go,No Shot,No,
2025-08-22 17:39:37,Go,No Shot,No,
2025-08-22 17:39:37,No-Go,No Shot,Yes,
2025-08-22 17:39:38,Go,No Shot,No,
2025-08-22 17:39:38,Go,No Shot,No,
2025-08-22 17:39:38,Go,No Shot,No,
2025-08-22 17:39:38,No-Go,No Shot,Yes,
2025-08-22 17:39:38,Go,No Shot,No,
2025-08-22 17:39:39,Go,No Shot,No,
2025-08-22 17:39:39,Go,Shoot,Yes,1082
2025-08-22 17:39:39,No-Go,No Shot,Yes,
2025-08-22 17:39:39,Go,No Shot,No,
2025-08-22 17:39:39,Go,No Shot,No,
2025-08-22 17:39:40,No-Go,No Shot,Yes,
2025-08-22 17:39:40,Go,No Shot,No,
2025-08-22 17:39:40,Go,Shoot,Yes,1082
2025-08-22 17:39:40,Go,No Shot,No,
2025-08-22 17:39:40,No-Go,No Shot,Yes,
2025-08-22 17:39:40,Go,Shoot,Yes,1131
2025-08-22 17:39:40,Go,No Shot,No,
2025-08-22 17:39:41,Go,Shoot,Yes,998
2025-08-22 17:39:41,Go,No Shot,No,
2025-08-22 17:39:41,No-Go,No Shot,Yes,
2025-08-22 17:39:41,Go,No Shot,No,
2025-08-22 17:39:42,Go,No Shot,No,
2025-08-22 17:39:42,Go,Shoot,Yes,1081
2025-08-22 17:39:42,Go,No Shot,No,
2025-08-22 17:39:42,Go,No Shot,No,
2025-08-22 17:39:42,Go,Shoot,Yes,1216
2025-08-22 17:39:43,Go,No Shot,No,
2025-08-22 17:39:43,No-Go,No Shot,Yes,
2025-08-22 17:39:43,No-Go,No Shot,Yes,
2025-08-22 17:39:44,No-Go,No Shot,Yes,
2025-08-22 17:39:44,Go,Shoot,Yes,1188
2025-08-22 17:39:44,Go,No Shot,No,
2025-08-22 17:39:44,No-Go,No Shot,Yes,
2025-08-22 17:39:44,Go,No Shot,No,
2025-08-22 17:39:44,Go,Shoot,Yes,1040
2025-08-22 17:39:45,Go,No Shot,No,
2025-08-22 17:39:45,Go,No Shot,No,
2025-08-22 17:39:45,Go,Shoot,Yes,1043
2025-08-22 17:39:45,Go,No Shot,No,
2025-08-22 17:39:45,Go,Shoot,Yes,1024
2025-08-22 17:39:45,Go,No Shot,No,
2025-08-22 17:39:46,Go,No Shot,No,
2025-08-22 17:39:46,Go,No Shot,No,
2025-08-22 17:39:46,Go,No Shot,No,
2025-08-22 17:39:47,Go,No Shot,No,
2025-08-22 17:39:47,Go,No Shot,No,
2025-08-22 17:39:47,Go,Shoot,Yes,1155
2025-08-22 17:39:47,Go,No Shot,No,
2025-08-22 17:39:47,No-Go,No Shot,Yes,
2025-08-22 17:39:48,Go,No Shot,No,
2025-08-22 17:39:48,Go,No Shot,No,
2025-08-22 17:39:48,No-Go,No Shot,Yes,
2025-08-22 17:39:48,No-Go,No Shot,Yes,
2025-08-22 17:39:49,Go,No Shot,No,
2025-08-22 17:39:49,Go,No Shot,No,
2025-08-22 17:39:49,Go,Shoot,Yes,1193
2025-08-22 17:39:49,Go,No Shot,No,
2025-08-22 17:39:49,No-Go,No Shot,Yes,
2025-08-22 17:39:49,Go,No Shot,No,
2025-08-22 17:39:50,Go,No Shot,No,
2025-08-22 17:39:50,No-Go,No Shot,Yes,
2025-08-22 17:39:50,No-Go,No Shot,Yes,
2025-08-22 17:39:50,No-Go,No Shot,Yes,
2025-08-22 17:39:51,Go,No Shot,No,
2025-08-22 17:39:51,Go,No Shot,No,
2025-08-22 17:39:51,Go,No Shot,No,
2025-08-22 17:39:51,No-Go,No Shot,Yes,
2025-08-22 17:39:51,No-Go,No Shot,Yes,
2025-08-22 17:39:52,Go,No Shot,No,
2025-08-22 17:39:52,No-Go,No Shot,Yes,
2025-08-22 17:39:52,Go,No Shot,No,
2025-08-22 17:39:52,Go,No Shot,No,
2025-08-22 17:39:53,No-Go,No Shot,Yes,
2025-08-22 17:39:53,No-Go,No Shot,Yes,
2025-08-22 17:39:53,Go,No Shot,No,
2025-08-22 17:39:53,Go,No Shot,No,
2025-08-22 17:39:53,Go,No Shot,No,
2025-08-22 17:39:54,Go,No Shot,No,
2025-08-22 17:39:54,Go,No Shot,No,
2025-08-22 17:39:54,Go,No Shot,No,
2025-08-22 17:39:54,Go,No Shot,No,
2025-08-22 17:39:54,No-Go,No Shot,Yes,
2025-08-22 17:39:55,No-Go,No Shot,Yes,
2025-08-22 17:39:55,Go,No Shot,No,
2025-08-22 17:39:55,No-Go,No Shot,Yes,
2025-08-22 17:39:55,Go,No Shot,No,
2025-08-22 17:39:55,Go,No Shot,No,
2025-08-22 17:39:56,No-Go,No Shot,Yes,
2025-08-22 17:39:56,Go,No Shot,No,
2025-08-22 17:39:56,Go,No Shot,No,
2025-08-22 17:39:56,Go,No Shot,No,
2025-08-22 17:39:57,Go,No Shot,No,
2025-08-22 17:39:57,Go,Shoot,Yes,1106
2025-08-22 17:39:57,No-Go,No Shot,Yes,
2025-08-22 17:39:57,Go,No Shot,No,
2025-08-22 17:39:57,Go,Shoot,Yes,997
2025-08-22 17:39:57,No-Go,No Shot,Yes,
2025-08-22 17:39:58,Go,No Shot,No,
2025-08-22 17:39:58,No-Go,No Shot,Yes,
2025-08-22 17:39:58,Go,No Shot,No,
2025-08-22 17:39:58,Go,Shoot,Yes,1118
2025-08-22 17:39:58,No-Go,No Shot,Yes,
2025-08-22 17:39:59,Go,No Shot,No,
2025-08-22 17:39:59,Go,No Shot,No,
2025-08-22 17:39:59,Go,No Shot,No,
2025-08-22 17:39:59,Go,No Shot,No,
2025-08-22 17:40:00,Go,No Shot,No,
2025-08-22 17:40:00,Go,No Shot,No,
2025-08-22 17:40:00,No-Go,No Shot,Yes,
2025-08-22 17:40:00,Go,Shoot,Yes,932
2025-08-22 17:40:00,Go,No Shot,No,
2025-08-22 17:40:00,No-Go,No Shot,Yes,
2025-08-22 17:40:01,No-Go,No Shot,Yes,
2025-08-22 17:40:01,Go,No Shot,No,
2025-08-22 17:40:01,Go,No Shot,No,
2025-08-22 17:40:01,Go,Shoot,Yes,1610
2025-08-22 17:40:01,Go,No Shot,No,
2025-08-22 17:40:02,No-Go,No Shot,Yes,
2025-08-22 17:40:02,No-Go,No Shot,Yes,
2025-08-22 17:40:02,Go,No Shot,No,
2025-08-22 17:40:02,No-Go,No Shot,Yes,
2025-08-22 17:40:19,Go,No Shot,No,
2025-08-22 17:40:20,No-Go,No Shot,Yes,
2025-08-22 17:40:21,No-Go,No Shot,Yes,
2025-08-22 17:40:22,Go,No Shot,No,
2025-08-22 17:40:22,Go,No Shot,No,
2025-08-22 17:40:23,No-Go,No Shot,Yes,
2025-08-22 17:40:24,Go,No Shot,No,
2025-08-22 17:40:25,No-Go,No Shot,Yes,
2025-08-22 17:40:25,No-Go,No Shot,Yes,
2025-08-22 17:40:26,Go,No Shot,No,
2025-08-22 17:40:27,No-Go,No Shot,Yes,
2025-08-22 17:40:28,Go,No Shot,No,
2025-08-22 17:40:28,Go,No Shot,No,
2025-08-22 17:40:29,No-Go,No Shot,Yes,
2025-08-22 17:40:30,Go,No Shot,No,
2025-08-22 17:40:30,Go,No Shot,No,
2025-08-22 17:40:31,Go,No Shot,No,
2025-08-22 17:40:31,Go,No Shot,No,
2025-08-22 17:40:32,Go,No Shot,No,
2025-08-22 17:40:33,Go,No Shot,No,
2025-08-22 17:40:33,Go,No Shot,No,
2025-08-22 17:40:34,Go,No Shot,No,
2025-08-22 17:40:34,Go,No Shot,No,
2025-08-22 17:40:35,No-Go,No Shot,Yes,
2025-08-22 17:40:35,Go,No Shot,No,
2025-08-22 17:40:36,Go,No Shot,No,
2025-08-22 17:40:36,Go,No Shot,No,
2025-08-22 17:40:37,Go,No Shot,No,
2025-08-22 17:40:37,Go,No Shot,No,
2025-08-22 17:40:37,No-Go,No Shot,Yes,
2025-08-22 17:40:38,No-Go,No Shot,Yes,
2025-08-22 17:40:38,No-Go,No Shot,Yes,
2025-08-22 17:40:39,Go,No Shot,No,
2025-08-22 17:40:39,Go,No Shot,No,
2025-08-22 17:40:39,No-Go,No Shot,Yes,
2025-08-22 17:40:40,Go,No Shot,No,
2025-08-22 17:40:40,No-Go,No Shot,Yes,
2025-08-22 17:40:40,Go,No Shot,No,
2025-08-22 17:40:41,Go,No Shot,No,
2025-08-22 17:40:41,Go,No Shot,No,
2025-08-22 17:40:41,Go,No Shot,No,
2025-08-22 17:40:42,No-Go,No Shot,Yes,
2025-08-22 17:40:42,Go,No Shot,No,
2025-08-22 17:40:42,Go,No Shot,No,
2025-08-22 17:40:42,Go,No Shot,No,
2025-08-22 17:40:43,Go,No Shot,No,
2025-08-22 17:40:43,Go,No Shot,No,
2025-08-22 17:40:43,Go,No Shot,No,
2025-08-22 17:40:43,No-Go,No Shot,Yes,
2025-08-22 17:40:44,Go,No Shot,No,
2025-08-22 17:40:44,Go,No Shot,No,
2025-08-22 17:40:44,Go,No Shot,No,
2025-08-22 17:40:44,Go,No Shot,No,
2025-08-22 17:40:45,No-Go,No Shot,Yes,
2025-08-22 17:40:45,No-Go,No Shot,Yes,
2025-08-22 17:40:45,Go,No Shot,No,
2025-08-22 17:40:45,Go,No Shot,No,
2025-08-22 17:40:46,Go,No Shot,No,
2025-08-22 17:40:46,Go,No Shot,No,
2025-08-22 17:40:46,Go,No Shot,No,
2025-08-22 17:40:46,No-Go,No Shot,Yes,
2025-08-22 17:40:46,Go,No Shot,No,
2025-08-22 17:40:47,No-Go,No Shot,Yes,
2025-08-22 17:40:47,No-Go,No Shot,Yes,
2025-08-22 17:40:47,Go,No Shot,No,
2025-08-22 17:40:47,Go,No Shot,No,
2025-08-22 17:40:48,Go,No Shot,No,
2025-08-22 17:40:48,Go,No Shot,No,
2025-08-22 17:40:48,No-Go,No Shot,Yes,
2025-08-22 17:40:48,No-Go,No Shot,Yes,
2025-08-22 17:40:48,Go,No Shot,No,
2025-08-22 17:40:49,Go,No Shot,No,
2025-08-22 17:40:49,No-Go,No Shot,Yes,
2025-08-22 17:40:49,Go,No Shot,No,
2025-08-22 17:40:49,Go,No Shot,No,
2025-08-22 17:40:49,No-Go,No Shot,Yes,
2025-08-22 17:40:50,No-Go,No Shot,Yes,
2025-08-22 17:40:50,No-Go,No Shot,Yes,
2025-08-22 17:40:50,No-Go,No Shot,Yes,
2025-08-22 17:40:50,Go,No Shot,No,
2025-08-22 17:40:50,Go,No Shot,No,
2025-08-22 17:40:51,No-Go,No Shot,Yes,
2025-08-22 17:40:51,Go,No Shot,No,
2025-08-22 17:40:51,Go,No Shot,No,
2025-08-22 17:40:51,Go,No Shot,No,
2025-08-22 17:40:51,Go,No Shot,No,
2025-08-22 17:40:52,No-Go,No Shot,Yes,
2025-08-22 17:40:52,Go,No Shot,No,
2025-08-22 17:40:52,Go,No Shot,No,
2025-08-22 17:40:52,No-Go,No Shot,Yes,
2025-08-22 17:40:52,Go,No Shot,No,
2025-08-22 17:40:53,Go,No Shot,No,
2025-08-22 17:40:53,No-Go,No Shot,Yes,
2025-08-22 17:40:53,No-Go,No Shot,Yes,
2025-08-22 17:40:53,Go,No Shot,No,
2025-08-22 17:40:53,Go,No Shot,No,
2025-08-22 17:40:54,Go,No Shot,No,
2025-08-22 17:40:54,No-Go,No Shot,Yes,
2025-08-22 17:40:54,Go,No Shot,No,
2025-08-22 17:40:54,Go,No Shot,No,
2025-08-22 17:40:54,Go,No Shot,No,
2025-08-22 17:40:55,Go,No Shot,No,
2025-08-22 17:40:55,No-Go,No Shot,Yes,
2025-08-22 17:40:55,No-Go,No Shot,Yes,
2025-08-22 17:40:55,No-Go,No Shot,Yes,
2025-08-22 17:40:55,Go,No Shot,No,
2025-08-22 17:40:56,Go,No Shot,No,
2025-08-22 17:40:56,Go,No Shot,No,
2025-08-22 17:40:56,Go,No Shot,No,
2025-08-22 17:40:56,Go,No Shot,No,
2025-08-22 17:40:57,Go,No Shot,No,
2025-08-22 17:40:57,Go,No Shot,No,
2025-08-22 17:40:57,No-Go,No Shot,Yes,
2025-08-22 17:40:57,Go,No Shot,No,
2025-08-22 17:40:57,Go,No Shot,No,
2025-08-22 17:40:58,Go,No Shot,No,
2025-08-22 17:40:58,Go,No Shot,No,
2025-08-22 17:40:58,Go,No Shot,No,
2025-08-22 17:40:58,No-Go,No Shot,Yes,
2025-08-22 17:40:58,Go,No Shot,No,
2025-08-22 17:40:59,No-Go,No Shot,Yes,
2025-08-22 17:40:59,Go,No Shot,No,
2025-08-22 17:40:59,No-Go,No Shot,Yes,
2025-08-22 17:40:59,Go,No Shot,No,
2025-08-22 17:40:59,Go,No Shot,No,
2025-08-22 17:41:00,Go,No Shot,No,
2025-08-22 17:41:00,Go,No Shot,No,
2025-08-22 17:41:00,Go,No Shot,No,
2025-08-22 17:41:00,Go,No Shot,No,
2025-08-22 17:41:00,Go,No Shot,No,
2025-08-22 17:41:01,Go,No Shot,No,
2025-08-22 17:41:01,Go,No Shot,No,
2025-08-22 17:41:01,Go,No Shot,No,
2025-08-22 17:41:01,Go,No Shot,No,
2025-08-22 17:41:02,Go,No Shot,No,
2025-08-22 17:41:02,Go,No Shot,No,
2025-08-22 17:41:02,No-Go,No Shot,Yes,
2025-08-22 17:41:02,Go,No Shot,No,
2025-08-22 17:41:02,Go,No Shot,No,
2025-08-22 17:41:03,Go,No Shot,No,
2025-08-22 17:41:03,Go,No Shot,No,
2025-08-22 17:41:03,No-Go,No Shot,Yes,
2025-08-22 17:41:03,No-Go,No Shot,Yes,
2025-08-22 17:41:03,Go,No Shot,No,
2025-08-22 17:41:04,Go,No Shot,No,
2025-08-22 17:41:04,Go,No Shot,No,
2025-08-22 17:41:04,Go,No Shot,No,
2025-08-22 17:41:04,Go,No Shot,No,
2025-08-22 17:41:04,No-Go,No Shot,Yes,
2025-08-22 17:41:05,Go,No Shot,No,
2025-08-22 17:41:05,Go,No Shot,No,
2025-08-22 17:41:05,Go,No Shot,No,
2025-08-22 17:41:05,No-Go,No Shot,Yes,
2025-08-22 17:41:05,Go,No Shot,No,
2025-08-22 17:41:06,No-Go,No Shot,Yes,
2025-08-22 17:41:06,No-Go,No Shot,Yes,
2025-08-22 17:41:06,No-Go,No Shot,Yes,
2025-08-22 17:41:06,No-Go,No Shot,Yes,
2025-08-22 17:41:06,Go,No Shot,No,
2025-08-22 17:41:07,Go,No Shot,No,
2025-08-22 17:41:07,Go,No Shot,No,
2025-08-22 17:41:07,Go,No Shot,No,
2025-08-22 17:41:07,Go,No Shot,No,
2025-08-22 17:41:08,Go,No Shot,No,
2025-08-22 17:41:08,Go,No Shot,No,
2025-08-22 17:41:08,Go,No Shot,No,
2025-08-22 17:41:08,No-Go,No Shot,Yes,
2025-08-22 17:41:08,No-Go,No Shot,Yes,
2025-08-22 17:41:09,No-Go,No Shot,Yes,
2025-08-22 17:41:09,Go,No Shot,No,
2025-08-22 17:41:09,No-Go,No Shot,Yes,
2025-08-22 17:41:09,No-Go,No Shot,Yes,
2025-08-22 17:41:09,Go,No Shot,No,
2025-08-22 17:41:10,No-Go,No Shot,Yes,
2025-08-22 17:41:10,Go,No Shot,No,
2025-08-22 17:41:10,No-Go,No Shot,Yes,
2025-08-22 17:41:10,No-Go,No Shot,Yes,
2025-08-22 17:41:10,Go,No Shot,No,
2025-08-22 17:41:11,No-Go,No Shot,Yes,
2025-08-22 17:41:11,Go,No Shot,No,
2025-08-22 17:41:11,No-Go,No Shot,Yes,
2025-08-22 17:41:11,No-Go,No Shot,Yes,
2025-08-22 17:41:11,Go,No Shot,No,
2025-08-22 17:41:12,Go,No Shot,No,
2025-08-22 17:41:12,No-Go,No Shot,Yes,
2025-08-22 17:41:12,Go,No Shot,No,
2025-08-22 17:41:12,Go,No Shot,No,
2025-08-22 17:41:12,Go,No Shot,No,
2025-08-22 17:41:13,Go,No Shot,No,
2025-08-22 17:41:13,No-Go,No Shot,Yes,
2025-08-22 17:41:13,Go,No Shot,No,
2025-08-22 17:41:13,No-Go,No Shot,Yes,
2025-08-22 17:41:13,Go,No Shot,No,
2025-08-22 17:41:14,Go,No Shot,No,
2025-08-22 17:41:14,Go,No Shot,No,
2025-08-22 17:41:24,Go,No Shot,No,
2025-08-22 17:41:25,Go,No Shot,No,
2025-08-22 17:41:26,No-Go,No Shot,Yes,
2025-08-22 17:41:26,Go,No Shot,No,
2025-08-22 17:41:27,Go,No Shot,No,
2025-08-22 17:41:28,Go,No Shot,No,
2025-09-17 14:19:38,Go,Shoot,Yes,3830
2025-09-17 14:19:39,No-Go,Shoot,No,3969
2025-09-17 14:19:39,Go,Shoot,Yes,2623
2025-09-17 14:19:40,No-Go,No Shot,Yes,
2025-09-17 14:19:42,Go,No Shot,No,
2025-09-17 14:19:43,Go,No Shot,No,
2025-09-17 14:19:43,Go,No Shot,No,
2025-09-17 14:19:44,Go,No Shot,No,
2025-09-17 14:19:45,Go,No Shot,No,
2025-09-17 14:19:45,Go,No Shot,No,
2025-09-17 14:19:46,No-Go,No Shot,Yes,
2025-09-17 14:19:47,Go,No Shot,No,
2025-09-17 14:19:48,Go,No Shot,No,
2025-09-17 14:19:48,Go,No Shot,No,
2025-09-17 14:19:49,Go,No Shot,No,
2025-09-17 14:19:49,Go,No Shot,No,
2025-09-17 14:19:50,Go,No Shot,No,
2025-09-17 14:19:51,Go,No Shot,No,
2025-09-17 14:19:51,No-Go,No Shot,Yes,
2025-09-17 14:19:52,Go,No Shot,No,
2025-09-17 14:19:52,No-Go,No Shot,Yes,
2025-09-17 14:19:53,No-Go,No Shot,Yes,
2025-09-17 14:19:53,Go,No Shot,No,
2025-09-17 14:19:54,Go,No Shot,No,
2025-09-17 14:19:54,Go,No Shot,No,
2025-09-17 14:19:55,Go,No Shot,No,
